customer_id,country,city_cluster,age_group,user_tenure_months,marketing_opt_in,pdpa_contact_ok,rides_30d,food_orders_30d,mart_orders_30d,grabpay_txns_30d,finance_products_count,insurance_products_count,ad_clicks_30d,services_used_count,service_diversity_index,primary_service,superapp_segment,promo_response_rate,weekly_active_days,recency_days,association_strength_score,next_best_service,cross_sell_propensity,churn_risk_score,churn_30d_label,trust_score,monthly_gmv_usd,clv_12m_usd,customer_value_tier,priority_support_flag,rush_hour_share,late_night_share,low_supply_zone_share,tourist_or_new_city_flag,assigned_driver_tier,driver_cancel_rate_seen,avg_eta_promised_min,avg_eta_actual_min,eta_gap_min,failed_booking_rate_90d,complaint_count_90d,refund_delay_days_avg,booking_risk_score,bad_booking_label,auto_reassignment_rate,price_sensitivity_segment,avg_base_fare_usd,avg_surge_multiplier,avg_effective_fare_usd,extreme_surge_exposure_rate,waiting_fee_count_90d,abnormal_charge_flags_90d,proactive_refund_rate,price_elasticity_score,fare_fairness_score,surge_cap_recommendation,recommended_action
GRB100001,Philippines,Cebu,18-24,25,1,1,11,3,0,4,1,0,0,4,0.72,Mobility,Ride Specialist,0.31,3.6,8,0.33,Food,54.7,21.3,0,87.3,99.04,853.47,Low-Value,1,0.47,0.24,0.37,0,Average,0.16,9.7,15.4,5.7,0.16,5,4.0,52.9,0,0.09,Highly Sensitive,3.61,1.38,5.53,0.19,2,1,0.14,-1.53,68.5,1.5,Surge cap + fare explanation
GRB100002,Indonesia,Bandung,45-54,19,1,1,21,0,1,7,1,0,2,4,0.65,Mobility,Ride Specialist,0.27,5.5,18,0.35,Food,43.7,25.4,0,75.5,143.41,1221.01,Mid-Value,1,0.44,0.39,0.44,0,Average,0.14,10.2,14.9,4.7,0.23,2,2.4,66.4,1,0.3,Moderately Sensitive,2.98,1.35,5.27,0.22,5,2,0.14,-0.96,62.3,1.8,Monitor with standard nudges
GRB100003,Philippines,Davao,35-44,22,1,1,18,2,1,2,1,1,3,6,1.0,Mobility,Ride Specialist,0.27,4.3,20,0.39,Food,45.3,29.8,0,74.9,153.09,1318.03,Mid-Value,1,0.38,0.12,0.57,0,High-Risk,0.27,8.7,13.4,4.7,0.25,4,3.1,57.4,1,0.37,Moderately Sensitive,3.45,1.44,6.27,0.19,2,4,0.24,-1.1,62.8,1.8,Monitor with standard nudges
GRB100004,Vietnam,Ho Chi Minh City,18-24,23,1,1,0,19,4,2,1,1,3,5,0.84,Food,Food Specialist,0.23,4.7,25,0.29,Mobility,40.4,7.2,0,90.3,215.48,1860.66,High-Value,1,0.2,0.17,0.64,0,Average,0.11,9.6,14.2,4.6,0.15,2,1.2,48.2,0,0.08,Highly Sensitive,2.65,1.63,4.31,0.29,0,0,0.05,-1.59,76.5,1.5,Surge cap + fare explanation
GRB100005,Singapore,Singapore Fringe,18-24,15,1,1,7,7,2,1,0,0,9,4,0.62,Mobility,Promo Opportunist,0.65,3.9,6,0.28,GrabPay,45.3,2.3,0,88.9,152.28,1226.62,Mid-Value,1,0.25,0.42,0.31,0,Average,0.14,6.8,12.8,6.0,0.11,5,1.5,38.7,0,0.13,Moderately Sensitive,8.92,1.34,12.51,0.14,2,1,0.07,-1.14,71.1,1.8,Monitor with standard nudges
GRB100006,Myanmar,Mandalay,18-24,28,1,1,23,0,1,1,0,1,0,4,0.66,Mobility,Ride Specialist,0.29,6.4,21,0.35,Food,36.5,22.8,0,81.8,108.63,910.64,Low-Value,1,0.37,0.19,0.55,0,Average,0.15,7.2,11.4,4.2,0.2,4,2.0,58.3,1,0.17,Moderately Sensitive,2.48,1.35,4.3,0.1,3,2,0.11,-1.03,71.9,1.8,Monitor with standard nudges
GRB100007,Philippines,Metro Manila,55+,54,0,0,14,0,1,4,1,1,2,5,0.86,Mobility,Ride Specialist,0.13,3.3,6,0.43,Food,35.7,7.2,0,77.9,119.88,1251.71,Mid-Value,1,0.46,0.27,0.42,0,Average,0.17,9.1,14.3,5.2,0.15,2,2.2,43.9,0,0.1,Moderately Sensitive,4.01,1.25,6.12,0.12,4,2,0.11,-1.01,71.6,1.8,Monitor with standard nudges
GRB100008,Philippines,Cebu,25-34,2,1,1,5,1,0,28,2,1,2,5,0.81,GrabPay,Payments Ecosystem User,0.25,2.6,24,0.29,Mart,44.2,24.6,0,70.5,104.37,1116.81,Mid-Value,1,0.68,0.0,0.55,1,High-Risk,0.28,10.0,16.4,6.4,0.22,4,0.8,63.7,1,0.37,Moderately Sensitive,3.43,1.36,5.56,0.14,1,3,0.22,-1.02,75.9,1.8,Monitor with standard nudges
GRB100009,Singapore,Singapore Fringe,35-44,26,1,1,10,16,6,14,2,1,5,6,0.99,Food,Power User,0.2,7.0,12,0.64,Mart,61.1,1.0,0,93.9,338.3,2958.29,High-Value,1,0.41,0.16,0.17,0,Average,0.16,7.0,10.3,3.3,0.17,0,1.0,35.5,0,0.04,Moderately Sensitive,8.65,1.23,11.09,0.05,3,0,0.02,-0.8,80.3,1.8,Monitor with standard nudges
GRB100010,Indonesia,Bandung,35-44,14,1,1,4,9,2,1,1,1,5,6,0.99,Food,Food Specialist,0.38,3.2,9,0.36,Mobility,55.4,1.4,0,90.4,91.7,991.14,Mid-Value,1,0.6,0.0,0.52,1,Average,0.15,12.2,17.7,5.5,0.18,2,2.0,68.1,1,0.27,Moderately Sensitive,2.81,1.33,3.74,0.17,0,0,0.07,-1.12,78.8,1.8,Monitor with standard nudges
GRB100011,Indonesia,Bandung,25-34,28,0,0,6,3,1,0,0,0,7,3,0.58,Mobility,Promo Opportunist,0.51,3.3,18,0.19,Food,37.8,23.9,0,71.7,67.71,518.14,Low-Value,0,0.61,0.05,0.55,0,Average,0.18,8.5,13.4,4.9,0.21,4,2.7,61.1,1,0.31,Moderately Sensitive,3.34,1.4,5.48,0.13,2,2,0.13,-1.19,77.5,1.8,Monitor with standard nudges
GRB100012,Cambodia,Phnom Penh,18-24,23,1,1,17,16,4,15,1,0,5,5,0.76,Mobility,Power User,0.23,7.0,5,0.73,Mart,73.8,1.0,0,78.3,302.44,2490.85,High-Value,1,0.38,0.33,0.61,0,Average,0.18,10.0,15.3,5.3,0.19,5,2.6,54.0,0,0.12,Moderately Sensitive,2.71,1.54,4.98,0.31,2,2,0.19,-1.21,63.3,1.8,Monitor with standard nudges
GRB100013,Vietnam,Da Nang,55+,30,1,1,18,15,2,15,2,0,2,5,0.85,Mobility,Power User,0.36,7.0,3,0.69,Mart,68.9,1.0,0,80.1,273.52,2430.46,High-Value,1,0.53,0.17,0.44,0,Average,0.13,8.2,14.6,6.4,0.14,1,1.5,43.6,0,0.07,Convenience-First,3.35,1.55,5.85,0.25,1,2,0.13,-0.57,62.1,2.2,Monitor with standard nudges
GRB100014,Philippines,Cebu,25-34,35,1,1,19,14,5,15,2,0,5,5,0.82,Mobility,Power User,0.26,7.0,28,0.64,Mart,55.9,29.5,0,74.0,338.79,2505.27,High-Value,1,0.38,0.14,0.56,0,High-Risk,0.29,10.3,15.7,5.4,0.25,4,4.6,67.8,1,0.42,Convenience-First,3.84,1.41,6.47,0.25,2,3,0.18,-0.44,64.6,2.2,Monitor with standard nudges
GRB100015,Indonesia,Bandung,25-34,24,1,1,5,6,0,23,1,0,2,4,0.64,GrabPay,Payments Ecosystem User,0.19,4.9,5,0.33,Mart,44.2,6.0,0,75.6,103.74,988.43,Mid-Value,1,0.66,0.09,0.49,0,Average,0.14,10.4,14.5,4.1,0.17,4,3.6,46.3,0,0.11,Highly Sensitive,3.05,1.31,4.39,0.11,1,1,0.12,-1.39,81.8,1.5,Surge cap + fare explanation
GRB100016,Malaysia,Penang,35-44,34,0,0,20,14,4,15,1,0,3,5,0.82,Mobility,Power User,0.26,7.0,1,0.64,Mart,48.8,1.0,0,83.3,294.39,2452.81,High-Value,1,0.53,0.15,0.32,0,Average,0.16,9.1,13.9,4.8,0.19,2,1.6,43.0,0,0.08,Convenience-First,3.77,1.52,6.84,0.29,4,2,0.14,-0.5,65.3,2.2,Monitor with standard nudges
GRB100017,Thailand,Bangkok,35-44,2,1,1,10,2,0,1,1,0,2,4,0.69,Mobility,Ride Specialist,0.26,5.0,23,0.31,Food,47.4,21.7,0,76.2,86.64,858.8,Low-Value,1,0.21,0.22,0.59,1,Average,0.17,7.8,11.1,3.3,0.19,3,2.5,45.0,0,0.05,Moderately Sensitive,3.29,1.3,4.93,0.13,1,2,0.13,-0.9,73.2,1.8,Monitor with standard nudges
GRB100018,Singapore,Singapore Core,55+,39,1,1,9,8,4,22,1,1,5,6,1.0,GrabPay,Power User,0.27,6.1,8,0.41,Mart,55.7,1.0,0,70.2,279.19,2397.46,High-Value,1,0.45,0.3,0.28,0,Average,0.16,7.4,13.2,5.8,0.21,4,2.9,49.0,0,0.05,Convenience-First,9.84,1.26,13.45,0.13,2,3,0.21,-0.43,61.8,2.2,Monitor with standard nudges
GRB100019,Philippines,Metro Manila,18-24,26,1,1,11,9,4,10,2,1,4,6,1.0,Finance,Power User,0.3,6.0,9,0.66,Mart,64.8,1.0,0,78.3,213.34,2017.71,High-Value,1,0.72,0.0,0.57,0,Average,0.17,11.7,16.1,4.4,0.19,5,2.5,43.0,0,0.11,Convenience-First,3.44,1.57,6.05,0.3,1,2,0.17,-0.4,67.1,2.2,Monitor with standard nudges
GRB100020,Thailand,Bangkok,25-34,34,1,1,4,5,2,4,0,0,3,4,0.71,Food,Promo Opportunist,0.71,4.2,17,0.26,Mobility,42.1,1.0,0,86.1,85.07,812.79,Low-Value,1,0.39,0.08,0.25,0,Reliable,0.09,9.8,10.6,0.8,0.08,1,1.1,27.4,0,0.08,Moderately Sensitive,3.86,1.33,5.28,0.06,1,0,0.03,-1.1,89.5,1.8,Monitor with standard nudges
GRB100021,Vietnam,Hanoi,25-34,9,0,0,14,0,0,2,0,0,1,2,0.38,Mobility,Ride Specialist,0.18,4.6,22,0.28,Food,40.5,42.6,0,77.9,61.11,388.96,Low-Value,0,0.5,0.2,0.56,0,Average,0.14,10.3,15.0,4.7,0.18,3,3.6,55.9,1,0.22,Moderately Sensitive,3.24,1.2,4.19,0.11,2,0,0.04,-0.79,74.2,1.8,Monitor with standard nudges
GRB100022,Indonesia,Surabaya,25-34,13,1,0,1,20,5,1,0,1,3,5,0.87,Food,Food Specialist,0.2,7.0,5,0.4,Mobility,50.5,1.0,0,83.0,170.69,1492.21,Mid-Value,1,0.52,0.17,0.6,0,Average,0.18,9.1,13.9,4.8,0.24,5,2.8,54.7,0,0.01,Convenience-First,3.1,1.42,4.41,0.19,0,0,0.03,-0.51,77.4,2.2,Monitor with standard nudges
GRB100023,Myanmar,Yangon,18-24,24,1,1,1,17,1,1,1,1,4,6,0.98,Food,Food Specialist,0.34,4.8,14,0.43,Mobility,55.8,15.7,0,69.0,163.11,1436.8,Mid-Value,1,0.23,0.28,0.61,0,High-Risk,0.25,9.3,17.1,7.8,0.3,4,1.8,70.6,1,0.41,Moderately Sensitive,2.6,1.32,4.43,0.17,0,4,0.26,-1.21,62.1,1.8,Monitor with standard nudges
GRB100024,Philippines,Cebu,18-24,22,0,0,1,4,0,2,0,0,2,3,0.52,Food,At-Risk Single-App User,0.14,2.5,31,0.17,Mobility,23.4,34.2,0,67.2,38.69,408.47,Low-Value,0,0.51,0.26,0.55,0,Average,0.16,12.5,17.8,5.3,0.21,4,2.9,50.7,0,0.06,Highly Sensitive,3.49,1.47,5.53,0.26,1,1,0.09,-1.38,68.5,1.5,Surge cap + fare explanation
GRB100025,Philippines,Cebu,25-34,25,0,0,19,17,3,10,2,1,3,6,1.0,Mobility,Power User,0.33,7.0,7,0.67,Mart,43.9,1.0,0,95.4,312.29,2829.97,High-Value,1,0.17,0.14,0.55,0,Average,0.16,8.5,12.7,4.2,0.17,3,2.7,49.8,0,0.09,Highly Sensitive,3.16,1.22,4.71,0.03,4,1,0.07,-1.45,77.4,1.5,Surge cap + fare explanation
GRB100026,Malaysia,Kuala Lumpur,25-34,34,1,1,3,4,0,3,1,1,1,5,0.8,Finance,At-Risk Single-App User,0.3,3.6,52,0.35,GrabPay,35.2,30.1,0,81.8,76.06,789.04,Low-Value,1,0.31,0.12,0.33,0,Average,0.16,9.5,13.8,4.3,0.14,3,0.6,56.1,1,0.31,Moderately Sensitive,4.2,1.18,5.35,0.0,1,1,0.09,-0.85,82.6,1.8,Monitor with standard nudges
GRB100027,Indonesia,Surabaya,25-34,3,1,1,4,11,3,5,0,0,8,4,0.6,Food,Promo Opportunist,0.44,4.1,23,0.55,Mobility,49.9,26.9,0,72.0,102.48,796.25,Low-Value,1,0.61,0.15,0.52,1,Average,0.17,9.2,13.7,4.5,0.19,4,2.9,55.2,1,0.21,Moderately Sensitive,2.93,1.47,5.06,0.26,0,3,0.23,-0.94,68.2,1.8,Monitor with standard nudges
GRB100028,Singapore,Singapore Core,35-44,33,1,1,8,1,0,7,1,1,0,5,0.75,Mobility,Ride Specialist,0.33,4.3,5,0.17,Food,42.8,7.1,0,80.8,117.04,1132.15,Mid-Value,1,0.48,0.32,0.25,0,Reliable,0.11,8.1,10.2,2.1,0.17,3,3.4,43.5,0,0.08,Moderately Sensitive,7.52,1.29,10.4,0.1,3,1,0.11,-0.82,73.0,1.8,Monitor with standard nudges
GRB100029,Malaysia,Penang,35-44,22,1,1,8,5,0,5,0,0,4,3,0.5,Mobility,Promo Opportunist,0.78,4.6,9,0.24,Finance,46.6,1.0,0,76.1,77.24,695.96,Low-Value,0,0.37,0.09,0.33,0,Average,0.14,8.8,13.1,4.3,0.14,2,2.7,35.2,0,0.07,Moderately Sensitive,4.21,1.31,5.92,0.18,1,1,0.07,-1.18,67.9,1.8,Monitor with standard nudges
GRB100030,Vietnam,Hanoi,25-34,20,1,1,0,0,0,0,1,1,0,2,0.35,Finance,At-Risk Single-App User,0.43,0.2,47,0.18,GrabPay,31.6,56.5,0,75.1,20.0,273.14,Low-Value,0,0.5,0.17,0.55,1,Average,0.15,10.2,14.4,4.2,0.18,3,4.8,65.4,1,0.28,Highly Sensitive,2.96,1.3,4.4,0.11,2,1,0.08,-1.57,77.0,1.5,Surge cap + fare explanation
GRB100031,Vietnam,Da Nang,25-34,6,1,1,8,1,0,7,0,0,0,3,0.45,Mobility,Ride Specialist,0.45,4.5,12,0.31,Food,42.8,22.0,0,67.8,52.89,461.46,Low-Value,0,0.41,0.2,0.54,0,Average,0.16,8.5,15.0,6.5,0.17,5,4.5,51.5,0,0.13,Highly Sensitive,3.26,1.25,4.78,0.14,3,1,0.14,-1.77,70.7,1.5,Surge cap + fare explanation
GRB100032,Myanmar,Yangon,18-24,28,0,0,1,2,0,24,2,1,2,5,0.88,GrabPay,Payments Ecosystem User,0.1,4.3,19,0.32,Mart,33.5,27.2,0,77.0,91.34,976.97,Low-Value,1,0.42,0.42,0.55,0,Average,0.17,8.5,15.2,6.7,0.18,3,4.0,62.0,1,0.21,Moderately Sensitive,2.92,1.47,5.09,0.25,2,2,0.08,-0.91,73.0,1.8,Monitor with standard nudges
GRB100033,Indonesia,Surabaya,25-34,2,0,0,3,16,1,1,1,0,1,5,0.84,Food,Food Specialist,0.25,6.5,22,0.41,Mobility,29.9,20.2,0,75.2,149.48,1241.67,Mid-Value,1,0.54,0.14,0.42,1,Average,0.15,10.3,15.6,5.3,0.14,3,5.4,53.2,0,0.1,Highly Sensitive,3.03,1.38,4.43,0.19,0,1,0.12,-1.58,82.5,1.5,Surge cap + fare explanation
GRB100034,Indonesia,Surabaya,25-34,29,0,0,9,9,2,5,0,0,9,4,0.72,Mobility,Promo Opportunist,0.44,6.9,11,0.67,Finance,50.8,15.0,0,73.2,138.08,1096.64,Mid-Value,1,0.29,0.3,0.43,0,Average,0.17,9.6,14.5,4.9,0.18,3,3.3,54.0,0,0.12,Highly Sensitive,3.14,1.38,5.59,0.15,5,2,0.09,-1.57,75.1,1.5,Surge cap + fare explanation
GRB100035,Indonesia,Jakarta,18-24,6,0,0,6,2,2,20,2,1,1,6,1.0,GrabPay,Payments Ecosystem User,0.2,3.6,14,0.36,Mart,32.8,34.0,0,71.1,131.89,1208.92,Mid-Value,1,0.43,0.38,0.54,0,Average,0.18,11.1,16.0,4.9,0.25,4,3.1,61.3,1,0.25,Highly Sensitive,3.08,1.36,5.38,0.17,3,3,0.17,-1.48,61.7,1.5,Surge cap + fare explanation
GRB100036,Malaysia,Johor Bahru,25-34,23,1,1,15,0,0,3,1,1,1,4,0.62,Mobility,Ride Specialist,0.2,2.8,11,0.37,Food,44.2,11.9,0,75.2,117.1,1079.07,Mid-Value,1,0.36,0.17,0.3,0,Average,0.11,9.9,12.6,2.7,0.1,0,2.5,34.8,0,0.07,Highly Sensitive,4.53,1.2,6.24,0.12,2,2,0.1,-1.43,75.3,1.5,Surge cap + fare explanation
GRB100037,Singapore,Singapore Core,25-34,21,1,1,1,2,1,3,0,0,2,4,0.68,GrabPay,At-Risk Single-App User,0.25,0.5,43,0.25,GrabPay,38.1,30.9,0,76.0,43.0,406.22,Low-Value,1,0.13,0.15,0.34,0,Average,0.1,7.4,10.7,3.3,0.11,4,2.3,46.7,0,0.1,Moderately Sensitive,7.79,1.3,10.92,0.12,2,2,0.23,-1.02,77.1,1.8,Monitor with standard nudges
GRB100038,Indonesia,Jakarta,25-34,35,1,1,12,0,0,3,0,1,1,3,0.53,Mobility,Ride Specialist,0.25,4.2,14,0.3,Food,47.4,20.7,0,61.9,53.38,547.09,Low-Value,0,0.25,0.14,0.54,0,High-Risk,0.25,8.4,14.9,6.5,0.2,3,2.7,52.2,0,0.21,Moderately Sensitive,2.84,1.17,4.27,0.07,3,2,0.2,-0.9,74.8,1.8,Monitor with standard nudges
GRB100039,Malaysia,Johor Bahru,25-34,20,1,1,2,3,0,0,1,1,1,4,0.64,Finance,At-Risk Single-App User,0.37,1.9,57,0.3,GrabPay,32.2,60.8,1,59.6,54.98,469.04,Low-Value,1,0.7,0.15,0.37,0,High-Risk,0.24,11.1,18.9,7.8,0.22,6,3.0,63.9,1,0.4,Highly Sensitive,4.54,1.5,8.11,0.25,2,4,0.3,-1.89,57.6,1.5,Retention offer on primary service
GRB100040,Vietnam,Da Nang,25-34,14,1,1,4,7,1,2,0,0,5,4,0.61,Food,Promo Opportunist,0.68,3.0,1,0.23,Mobility,43.0,6.5,0,78.3,96.29,917.53,Low-Value,1,0.49,0.28,0.54,0,Average,0.18,10.4,15.8,5.4,0.23,3,2.9,54.4,0,0.1,Moderately Sensitive,3.2,1.51,5.22,0.26,1,1,0.11,-1.18,76.5,1.8,Monitor with standard nudges
GRB100041,Indonesia,Bandung,35-44,16,1,1,12,2,0,4,1,0,0,4,0.67,Mobility,Ride Specialist,0.32,4.2,7,0.43,Food,54.6,26.1,0,70.2,97.21,852.56,Low-Value,1,0.18,0.21,0.46,0,Average,0.16,6.9,11.9,5.0,0.21,3,1.9,55.4,1,0.22,Highly Sensitive,3.07,1.33,5.04,0.23,3,2,0.09,-1.4,66.5,1.5,Surge cap + fare explanation
GRB100042,Philippines,Davao,35-44,36,1,1,4,8,3,3,0,0,5,4,0.63,Food,Food Specialist,0.19,5.1,10,0.17,Mobility,35.8,11.0,0,87.8,82.8,765.22,Low-Value,1,0.14,0.21,0.49,0,Average,0.12,6.9,9.8,2.9,0.15,4,2.2,41.5,0,0.12,Moderately Sensitive,3.32,1.2,4.23,0.12,0,1,0.11,-0.76,79.5,1.8,Monitor with standard nudges
GRB100043,Vietnam,Da Nang,35-44,28,1,1,14,1,1,1,1,0,2,5,0.88,Mobility,Ride Specialist,0.28,3.2,18,0.31,Food,34.8,1.0,0,80.3,108.6,1108.71,Mid-Value,1,0.4,0.04,0.38,0,Average,0.12,9.0,12.1,3.1,0.14,4,3.3,42.9,0,0.13,Moderately Sensitive,3.56,1.21,5.01,0.07,3,1,0.09,-0.94,70.9,1.8,Monitor with standard nudges
GRB100044,Indonesia,Surabaya,25-34,18,1,1,9,17,3,22,2,0,2,5,0.82,GrabPay,Power User,0.24,6.9,14,0.6,Mart,48.5,14.8,0,72.9,260.33,2094.17,High-Value,1,0.7,0.06,0.56,0,Average,0.21,10.4,16.9,6.5,0.19,4,2.8,49.8,0,0.09,Highly Sensitive,3.55,1.42,5.94,0.21,1,3,0.19,-1.31,67.9,1.5,Surge cap + fare explanation
GRB100045,Philippines,Davao,35-44,19,1,1,12,15,7,26,1,1,3,6,1.0,GrabPay,Power User,0.37,7.0,29,0.63,Mart,53.7,21.5,0,67.0,300.93,2289.96,High-Value,1,0.39,0.44,0.45,1,High-Risk,0.27,8.8,17.3,8.5,0.26,6,1.7,72.4,1,0.32,Moderately Sensitive,3.8,1.28,6.32,0.07,3,4,0.28,-1.05,62.4,1.8,Monitor with standard nudges
GRB100046,Philippines,Metro Manila,25-34,5,1,1,19,1,1,5,1,0,1,5,0.75,Mobility,Ride Specialist,0.39,4.6,28,0.33,Food,35.9,47.4,0,74.1,167.41,1134.2,Mid-Value,1,0.66,0.16,0.54,1,Average,0.17,11.5,16.0,4.5,0.18,3,1.1,57.0,1,0.26,Highly Sensitive,3.95,1.36,6.57,0.15,3,3,0.19,-1.58,68.4,1.5,Surge cap + fare explanation
GRB100047,Indonesia,Surabaya,25-34,26,1,1,15,7,2,19,2,1,7,6,1.0,GrabPay,Power User,0.38,7.0,13,0.36,Mart,45.7,1.0,0,89.3,210.61,1985.4,High-Value,1,0.48,0.09,0.47,0,Average,0.14,10.1,14.2,4.1,0.15,3,1.4,43.4,0,0.09,Moderately Sensitive,3.22,1.39,5.28,0.19,2,2,0.18,-1.01,71.3,1.8,Monitor with standard nudges
GRB100048,Indonesia,Surabaya,35-44,3,0,0,10,1,1,3,0,0,4,4,0.72,Mobility,Ride Specialist,0.12,3.4,15,0.3,Food,41.9,45.5,0,82.9,67.64,559.49,Low-Value,1,0.5,0.35,0.4,1,Average,0.16,10.5,15.5,5.0,0.17,2,1.3,55.1,1,0.21,Highly Sensitive,2.82,1.44,5.11,0.25,2,3,0.13,-1.45,64.2,1.5,Surge cap + fare explanation
GRB100049,Vietnam,Da Nang,25-34,30,0,0,6,4,1,0,0,0,9,3,0.46,Mobility,Promo Opportunist,0.28,4.2,7,0.19,Food,20.4,15.9,0,85.0,67.72,557.05,Low-Value,0,0.18,0.21,0.41,0,Average,0.12,5.6,9.5,3.9,0.15,4,3.3,46.3,0,0.07,Highly Sensitive,2.7,1.16,3.44,0.07,2,0,0.06,-1.62,81.0,1.5,Surge cap + fare explanation
GRB100050,Singapore,Singapore Fringe,25-34,23,1,1,2,9,0,2,0,0,4,3,0.49,Food,Promo Opportunist,0.48,4.8,31,0.48,Mobility,47.9,54.1,0,64.5,96.06,635.49,Low-Value,0,0.59,0.25,0.42,1,High-Risk,0.28,9.7,17.8,8.1,0.23,4,3.1,63.6,1,0.32,Highly Sensitive,10.32,1.45,16.41,0.16,3,4,0.23,-1.68,63.4,1.5,Surge cap + fare explanation
GRB100051,Malaysia,Penang,35-44,48,1,1,8,2,1,1,0,0,4,4,0.65,Mobility,Promo Opportunist,0.73,4.4,19,0.31,Food,57.4,35.7,0,86.1,72.26,493.42,Low-Value,1,0.36,0.16,0.4,1,Average,0.14,9.2,16.4,7.2,0.13,5,4.3,56.3,1,0.28,Highly Sensitive,4.13,1.33,5.89,0.19,1,1,0.11,-1.86,71.7,1.5,Surge cap + fare explanation
GRB100052,Singapore,Singapore Fringe,45-54,10,1,1,11,3,0,3,0,1,1,4,0.64,Mobility,Ride Specialist,0.27,5.2,14,0.3,Food,47.5,15.6,0,81.3,168.37,1336.47,Mid-Value,1,0.58,0.14,0.23,0,Reliable,0.11,6.8,9.7,2.9,0.15,2,3.0,35.1,0,0.09,Moderately Sensitive,9.19,1.44,13.78,0.21,2,1,0.1,-0.96,67.8,1.8,Monitor with standard nudges
GRB100053,Philippines,Metro Manila,45-54,21,0,0,1,1,0,0,1,0,0,3,0.51,Finance,At-Risk Single-App User,0.12,0.7,46,0.17,GrabPay,18.7,43.4,0,75.0,31.41,412.12,Low-Value,0,0.27,0.16,0.53,0,Average,0.15,8.0,12.8,4.8,0.24,4,4.0,70.2,1,0.19,Moderately Sensitive,3.51,1.34,5.1,0.1,1,1,0.08,-0.95,79.3,1.8,Monitor with standard nudges
GRB100054,Vietnam,Da Nang,25-34,42,0,0,1,12,4,5,1,0,5,5,0.78,Food,Food Specialist,0.31,6.0,12,0.39,Mobility,35.3,1.0,0,81.4,155.63,1423.52,Mid-Value,1,0.45,0.01,0.45,0,Average,0.13,8.1,10.0,1.9,0.09,2,2.8,43.1,0,0.09,Convenience-First,2.55,1.47,4.51,0.3,0,3,0.19,-0.58,63.4,2.2,Monitor with standard nudges
GRB100055,Vietnam,Hanoi,25-34,35,1,1,8,12,6,19,2,0,2,5,0.83,GrabPay,Power User,0.4,5.8,8,0.66,Mart,63.9,1.0,0,84.2,210.28,1874.66,High-Value,1,0.48,0.17,0.74,0,Average,0.18,10.6,14.5,3.9,0.16,3,2.8,51.9,0,0.08,Moderately Sensitive,3.15,1.47,4.87,0.3,0,1,0.09,-1.15,66.7,1.8,Monitor with standard nudges
GRB100056,Philippines,Cebu,35-44,14,1,1,18,6,6,23,2,0,8,5,0.85,GrabPay,Power User,0.3,7.0,15,0.45,Mart,61.4,23.9,0,85.6,261.25,1997.64,High-Value,1,0.39,0.22,0.53,0,Average,0.11,11.0,16.9,5.9,0.11,2,3.3,55.2,1,0.28,Highly Sensitive,3.43,1.43,5.45,0.22,2,1,0.07,-1.47,66.9,1.5,Surge cap + fare explanation
GRB100057,Indonesia,Bandung,25-34,24,1,0,3,6,0,4,0,0,7,3,0.49,Food,Promo Opportunist,0.6,3.6,17,0.23,Mobility,30.4,15.7,0,67.7,47.17,319.98,Low-Value,0,0.49,0.4,0.45,0,Average,0.17,11.4,17.1,5.7,0.18,4,3.8,40.5,0,0.06,Highly Sensitive,3.29,1.3,4.67,0.16,1,1,0.1,-1.58,75.6,1.5,Surge cap + fare explanation
GRB100058,Thailand,Chiang Mai,45-54,22,1,1,20,3,0,1,1,0,0,4,0.63,Mobility,Ride Specialist,0.29,6.6,1,0.28,Food,42.0,7.5,0,81.1,154.33,1295.94,Mid-Value,1,0.37,0.19,0.55,0,Average,0.16,8.3,8.3,0.0,0.2,3,2.9,27.3,0,0.05,Moderately Sensitive,4.07,1.34,5.85,0.19,1,1,0.1,-1.17,77.1,1.8,Monitor with standard nudges
GRB100059,Singapore,Singapore Core,25-34,25,0,0,4,23,3,7,0,0,2,4,0.71,Food,Food Specialist,0.2,7.0,11,0.3,Mobility,24.3,18.1,0,71.1,251.71,1889.12,High-Value,1,0.3,0.0,0.16,0,Average,0.14,7.6,12.0,4.4,0.12,2,3.5,38.8,0,0.05,Moderately Sensitive,9.03,1.17,11.36,0.11,2,2,0.12,-1.14,63.8,1.8,Monitor with standard nudges
GRB100060,Singapore,Singapore Core,18-24,14,1,1,4,1,0,23,2,1,4,5,0.86,GrabPay,Payments Ecosystem User,0.43,1.7,18,0.41,Mart,49.6,17.8,0,64.5,129.17,1229.03,Mid-Value,1,0.71,0.22,0.32,1,Average,0.13,10.1,17.6,7.5,0.13,3,0.2,48.5,0,0.06,Moderately Sensitive,9.94,1.39,15.36,0.22,2,5,0.3,-0.98,54.9,1.8,Monitor with standard nudges
GRB100061,Vietnam,Ho Chi Minh City,18-24,21,1,1,19,13,5,25,1,0,7,5,0.79,GrabPay,Power User,0.33,7.0,4,0.69,Mart,54.8,1.0,0,73.1,313.88,2591.67,High-Value,1,0.61,0.56,0.62,0,Average,0.23,11.0,14.6,3.6,0.26,4,2.6,54.7,0,0.08,Moderately Sensitive,3.08,1.57,6.19,0.22,4,3,0.2,-1.21,68.5,1.8,Monitor with standard nudges
GRB100062,Indonesia,Bandung,45-54,4,1,0,11,17,4,25,1,1,5,6,0.95,GrabPay,Power User,0.36,7.0,23,0.76,Mart,52.0,16.9,0,73.7,274.94,2118.79,High-Value,1,0.28,0.28,0.47,1,High-Risk,0.26,8.9,17.6,8.7,0.21,6,3.3,68.8,1,0.39,Highly Sensitive,3.04,1.36,4.64,0.26,0,2,0.16,-1.5,64.9,1.5,Surge cap + fare explanation
GRB100063,Thailand,Bangkok,18-24,23,1,1,3,2,2,17,2,0,1,5,0.8,GrabPay,Payments Ecosystem User,0.39,3.1,1,0.45,Mart,48.3,1.2,0,88.4,105.11,1057.53,Mid-Value,1,0.52,0.13,0.3,0,Average,0.18,8.9,10.1,1.2,0.15,2,3.4,43.8,0,0.07,Moderately Sensitive,4.05,1.35,5.47,0.21,0,0,0.09,-0.88,80.1,1.8,Monitor with standard nudges
GRB100064,Philippines,Metro Manila,25-34,27,0,0,4,10,2,7,1,1,3,6,1.0,Food,Food Specialist,0.09,5.8,6,0.52,Mobility,49.2,1.0,0,84.4,114.12,1253.47,Mid-Value,1,0.29,0.25,0.48,0,Average,0.16,10.4,15.8,5.4,0.17,6,5.2,44.4,0,0.06,Moderately Sensitive,3.9,1.3,5.46,0.1,1,1,0.14,-0.75,81.2,1.8,Monitor with standard nudges
GRB100065,Thailand,Chiang Mai,25-34,19,0,0,18,9,6,19,1,0,5,5,0.84,GrabPay,Power User,0.24,7.0,31,0.66,Mart,41.1,14.2,0,78.7,266.78,2128.41,High-Value,1,0.21,0.09,0.56,0,High-Risk,0.26,9.9,16.0,6.1,0.18,3,1.1,56.9,1,0.37,Moderately Sensitive,4.2,1.21,6.19,0.01,4,2,0.14,-0.92,75.7,1.8,Monitor with standard nudges
GRB100066,Thailand,Pattaya,18-24,4,1,1,1,1,1,0,0,1,1,4,0.7,Mobility,At-Risk Single-App User,0.28,0.7,52,0.21,Food,36.8,36.5,0,69.5,16.59,250.81,Low-Value,1,0.61,0.07,0.47,1,Average,0.14,8.6,10.3,1.7,0.11,1,3.3,44.3,0,0.18,Highly Sensitive,3.45,1.47,5.57,0.25,0,2,0.13,-1.44,75.8,1.5,Surge cap + fare explanation
GRB100067,Thailand,Chiang Mai,25-34,33,1,1,2,2,1,1,0,1,2,5,0.82,Mobility,At-Risk Single-App User,0.1,3.5,47,0.12,Food,22.0,40.5,0,86.4,35.1,420.31,Low-Value,1,0.11,0.14,0.37,0,Average,0.15,8.2,12.2,4.0,0.11,2,1.0,44.1,0,0.05,Highly Sensitive,3.45,1.22,4.75,0.06,2,1,0.06,-1.17,66.5,1.5,Surge cap + fare explanation
GRB100068,Indonesia,Bandung,35-44,26,0,0,1,18,5,1,1,0,5,5,0.8,Food,Food Specialist,0.02,5.9,18,0.4,Mobility,36.3,15.3,0,83.4,217.35,1752.25,Mid-Value,1,0.59,0.19,0.43,1,Average,0.15,10.5,16.7,6.2,0.17,2,1.1,55.3,1,0.24,Moderately Sensitive,2.91,1.31,4.06,0.15,0,1,0.08,-1.19,82.3,1.8,Monitor with standard nudges
GRB100069,Singapore,Singapore Fringe,18-24,14,1,1,6,10,0,0,0,0,9,2,0.37,Food,Promo Opportunist,0.54,5.0,20,0.45,GrabPay,49.1,36.8,0,77.3,144.54,881.54,Low-Value,0,0.37,0.01,0.27,0,Reliable,0.04,8.2,10.4,2.2,0.06,0,1.3,41.2,0,0.21,Highly Sensitive,8.9,1.21,11.42,0.1,1,2,0.11,-1.7,77.8,1.5,Surge cap + fare explanation
GRB100070,Indonesia,Jakarta,45-54,19,0,0,16,2,0,2,1,0,2,4,0.64,Mobility,Ride Specialist,0.22,4.5,20,0.37,Food,31.4,14.9,0,79.2,96.92,813.02,Low-Value,1,0.38,0.04,0.51,0,Average,0.13,10.3,14.9,4.6,0.16,2,1.9,48.4,0,0.1,Moderately Sensitive,2.89,1.17,3.83,0.01,3,0,0.0,-0.9,91.0,1.8,Monitor with standard nudges
GRB100071,Malaysia,Johor Bahru,45-54,5,1,1,12,9,2,26,2,0,4,5,0.84,GrabPay,Power User,0.31,7.0,24,0.61,Mart,69.6,19.8,0,78.1,240.29,1925.91,High-Value,1,0.49,0.18,0.49,1,High-Risk,0.26,9.6,16.2,6.6,0.17,5,1.7,70.6,1,0.32,Moderately Sensitive,4.1,1.37,6.42,0.11,2,2,0.18,-1.08,68.2,1.8,Monitor with standard nudges
GRB100072,Indonesia,Surabaya,25-34,11,1,1,2,14,4,3,0,0,3,4,0.6,Food,Food Specialist,0.31,4.6,6,0.43,Mobility,57.6,13.2,0,83.1,114.76,976.77,Low-Value,1,0.52,0.13,0.56,0,Average,0.16,10.1,12.4,2.3,0.12,2,2.8,36.6,0,0.11,Highly Sensitive,3.23,1.37,4.92,0.19,0,2,0.12,-1.39,66.2,1.5,Surge cap + fare explanation
GRB100073,Philippines,Cebu,18-24,16,0,0,10,3,0,1,1,1,1,5,0.81,Mobility,Ride Specialist,0.34,3.8,8,0.36,Food,34.9,9.7,0,81.4,100.83,1051.75,Mid-Value,1,0.27,0.28,0.55,0,Average,0.17,9.0,14.1,5.1,0.2,3,3.2,58.3,1,0.22,Moderately Sensitive,3.27,1.28,5.29,0.08,4,2,0.14,-1.06,70.9,1.8,Monitor with standard nudges
GRB100074,Malaysia,Kuala Lumpur,35-44,36,1,1,4,2,2,2,0,0,3,4,0.71,Mobility,Promo Opportunist,0.52,3.2,15,0.27,Food,62.8,30.3,0,77.8,60.17,565.85,Low-Value,1,0.55,0.03,0.27,0,Average,0.11,6.3,12.7,6.4,0.02,3,3.6,38.6,0,0.12,Highly Sensitive,3.83,1.42,6.09,0.2,1,2,0.13,-1.62,68.0,1.5,Surge cap + fare explanation
GRB100075,Singapore,Singapore Fringe,18-24,15,1,1,1,4,0,3,0,0,0,3,0.47,Food,At-Risk Single-App User,0.3,1.4,42,0.18,Mobility,29.5,35.9,0,74.8,39.97,294.33,Low-Value,0,0.44,0.32,0.2,0,Reliable,0.05,7.7,11.9,4.2,0.11,4,2.5,38.5,0,0.07,Highly Sensitive,8.59,1.21,10.95,0.0,2,1,0.2,-1.57,83.3,1.5,Surge cap + fare explanation
GRB100076,Indonesia,Bandung,25-34,29,1,1,12,7,5,16,2,0,5,5,0.87,GrabPay,Power User,0.32,6.6,1,0.57,Mart,65.8,1.0,0,78.9,171.38,1620.11,Mid-Value,1,0.19,0.04,0.52,0,Average,0.17,7.6,8.6,1.0,0.11,3,2.5,41.0,0,0.06,Moderately Sensitive,2.69,1.3,4.15,0.11,1,2,0.13,-1.11,80.2,1.8,Monitor with standard nudges
GRB100077,Indonesia,Surabaya,55+,16,1,1,2,10,4,1,1,1,4,6,0.91,Food,Food Specialist,0.24,6.3,14,0.52,Mobility,45.1,1.0,0,77.8,116.2,1210.64,Mid-Value,1,0.39,0.38,0.37,1,Average,0.18,7.1,10.2,3.1,0.2,2,2.2,51.5,0,0.14,Convenience-First,2.75,1.6,5.35,0.35,3,2,0.08,-0.57,63.3,2.2,Monitor with standard nudges
GRB100078,Vietnam,Ho Chi Minh City,55+,25,1,1,15,1,1,2,0,1,4,5,0.81,Mobility,Ride Specialist,0.3,4.4,12,0.28,Food,43.1,7.7,0,70.3,104.14,987.18,Mid-Value,1,0.67,0.0,0.44,0,Average,0.14,11.5,15.0,3.5,0.11,2,3.9,25.8,0,0.1,Moderately Sensitive,3.24,1.46,5.77,0.25,2,3,0.14,-1.0,63.6,1.8,Monitor with standard nudges
GRB100079,Thailand,Chiang Mai,35-44,20,1,1,3,0,1,0,1,1,1,4,0.66,Finance,At-Risk Single-App User,0.17,2.7,49,0.25,GrabPay,28.6,25.4,0,73.1,47.22,567.76,Low-Value,1,0.72,0.05,0.46,0,Average,0.17,10.7,13.5,2.8,0.19,5,0.4,28.5,0,0.12,Moderately Sensitive,3.95,1.41,6.22,0.15,1,2,0.19,-1.07,75.9,1.8,Monitor with standard nudges
GRB100080,Philippines,Davao,25-34,32,0,0,23,1,0,3,0,1,2,4,0.74,Mobility,Ride Specialist,0.29,3.6,24,0.17,Food,26.4,22.1,0,69.5,147.4,1140.37,Mid-Value,1,0.55,0.23,0.42,0,Average,0.19,9.3,14.2,4.9,0.28,5,2.3,65.9,1,0.28,Moderately Sensitive,3.54,1.29,5.92,0.06,4,3,0.26,-0.92,67.8,1.8,Monitor with standard nudges
GRB100081,Vietnam,Da Nang,35-44,16,0,0,7,6,1,1,0,0,6,4,0.62,Mobility,Promo Opportunist,0.45,4.3,2,0.29,GrabPay,34.2,1.0,0,85.3,82.31,652.98,Low-Value,1,0.21,0.38,0.38,0,Average,0.16,7.1,12.0,4.9,0.1,2,2.2,50.7,0,0.06,Highly Sensitive,3.3,1.17,4.16,0.04,2,0,0.02,-1.52,79.8,1.5,Surge cap + fare explanation
GRB100082,Indonesia,Jakarta,35-44,5,1,1,4,21,2,4,1,1,1,6,1.0,Food,Food Specialist,0.46,6.6,20,0.32,Mobility,43.0,16.7,0,84.8,196.7,1731.8,Mid-Value,1,0.51,0.22,0.47,1,Average,0.17,9.7,12.7,3.0,0.19,4,1.8,64.8,1,0.28,Highly Sensitive,3.02,1.35,4.48,0.18,1,1,0.15,-1.48,80.2,1.5,Surge cap + fare explanation
GRB100083,Philippines,Davao,25-34,7,1,1,17,0,0,5,0,0,2,2,0.38,Mobility,Ride Specialist,0.3,4.1,20,0.31,Food,57.0,35.1,0,65.9,119.59,804.94,Low-Value,0,0.57,0.25,0.55,0,Average,0.2,11.1,17.0,5.9,0.15,4,2.6,51.5,0,0.13,Moderately Sensitive,4.06,1.37,6.76,0.19,3,3,0.23,-1.17,69.6,1.8,Monitor with standard nudges
GRB100084,Malaysia,Johor Bahru,35-44,16,1,1,7,6,0,4,0,0,9,3,0.47,Mobility,Promo Opportunist,0.7,5.2,3,0.21,GrabPay,39.9,12.7,0,86.7,80.3,617.89,Low-Value,0,0.55,0.18,0.46,0,Average,0.15,8.6,14.0,5.4,0.17,3,2.4,43.2,0,0.09,Moderately Sensitive,4.16,1.32,5.94,0.11,3,0,0.04,-1.42,81.8,1.8,Monitor with standard nudges
GRB100085,Singapore,Singapore Core,18-24,8,0,0,9,9,1,5,0,0,6,4,0.65,Mobility,Promo Opportunist,0.5,5.0,5,0.54,Finance,45.7,11.0,0,80.5,184.79,1475.17,Mid-Value,1,0.56,0.11,0.36,0,Average,0.16,9.0,12.9,3.9,0.14,3,1.9,41.6,0,0.15,Highly Sensitive,9.25,1.31,12.52,0.14,1,1,0.09,-1.63,75.7,1.5,Surge cap + fare explanation
GRB100086,Singapore,Singapore Fringe,18-24,27,1,0,0,21,2,8,0,1,3,4,0.67,Food,Food Specialist,0.3,5.9,19,0.46,Mobility,47.8,17.3,0,74.1,212.76,1620.42,Mid-Value,1,0.49,0.17,0.32,0,Average,0.15,9.5,13.8,4.3,0.14,4,3.0,44.6,0,0.11,Moderately Sensitive,8.83,1.31,12.06,0.2,0,2,0.17,-0.69,63.4,1.8,Monitor with standard nudges
GRB100087,Vietnam,Hanoi,25-34,17,1,1,5,4,3,0,0,0,6,3,0.44,Mobility,Promo Opportunist,0.57,3.5,4,0.15,Food,31.7,14.2,0,81.9,74.26,613.67,Low-Value,0,0.41,0.03,0.4,1,Average,0.14,6.5,8.1,1.6,0.11,0,2.1,37.1,0,0.09,Highly Sensitive,3.09,1.32,4.07,0.15,0,0,0.05,-1.5,81.6,1.5,Surge cap + fare explanation
GRB100088,Indonesia,Surabaya,18-24,48,1,1,3,4,0,23,1,0,1,4,0.65,GrabPay,Payments Ecosystem User,0.31,1.0,16,0.35,Mart,42.3,7.1,0,79.8,98.36,906.15,Low-Value,1,0.31,0.08,0.39,0,Average,0.14,8.1,11.5,3.4,0.16,3,2.3,54.9,0,0.09,Highly Sensitive,3.01,1.16,3.49,0.0,0,0,0.06,-1.61,83.1,1.5,Surge cap + fare explanation
GRB100089,Malaysia,Penang,18-24,3,1,1,3,12,2,6,0,0,2,4,0.72,Food,Food Specialist,0.33,3.8,25,0.38,Mobility,46.8,31.1,0,88.6,149.61,1098.28,Mid-Value,1,0.08,0.28,0.34,1,Average,0.14,6.5,10.3,3.8,0.1,1,1.4,59.9,1,0.27,Highly Sensitive,3.74,1.15,4.61,0.04,2,0,0.01,-1.5,81.3,1.5,Surge cap + fare explanation
GRB100090,Indonesia,Bandung,45-54,24,1,0,1,19,3,8,1,0,2,5,0.85,Food,Food Specialist,0.24,7.0,3,0.49,Mobility,50.8,2.0,0,82.8,154.31,1381.72,Mid-Value,1,0.48,0.05,0.51,0,Average,0.16,9.3,13.7,4.4,0.2,2,2.0,54.7,0,0.03,Moderately Sensitive,3.06,1.33,4.32,0.24,0,1,0.08,-0.92,70.9,1.8,Monitor with standard nudges
GRB100091,Malaysia,Johor Bahru,55+,10,1,1,12,13,3,27,1,1,2,6,0.99,GrabPay,Power User,0.29,5.0,1,0.7,Mart,72.7,1.0,0,89.7,238.79,2091.52,High-Value,1,0.45,0.22,0.41,0,Average,0.14,8.3,13.3,5.0,0.13,2,2.2,46.3,0,0.08,Convenience-First,3.91,1.41,6.21,0.13,3,1,0.15,-0.69,74.1,2.2,Monitor with standard nudges
GRB100092,Vietnam,Da Nang,25-34,17,0,0,3,4,1,1,0,1,1,5,0.84,Food,At-Risk Single-App User,0.13,2.3,50,0.13,Mobility,17.2,43.0,0,88.9,47.46,556.19,Low-Value,1,0.52,0.02,0.29,0,Average,0.16,8.7,13.2,4.5,0.09,3,0.8,32.8,0,0.09,Moderately Sensitive,3.33,1.43,5.16,0.21,1,1,0.11,-0.79,69.5,1.8,Monitor with standard nudges
GRB100093,Indonesia,Bandung,45-54,24,0,0,4,19,3,8,1,0,1,5,0.86,Food,Food Specialist,0.36,6.3,11,0.39,Mobility,34.5,15.2,0,91.2,218.86,1757.53,Mid-Value,1,0.18,0.22,0.42,0,Average,0.13,9.9,13.5,3.6,0.19,3,3.0,57.4,1,0.24,Moderately Sensitive,2.7,1.27,3.58,0.09,1,0,0.08,-1.08,76.8,1.8,Monitor with standard nudges
GRB100094,Indonesia,Bandung,55+,2,0,0,0,15,3,1,0,1,4,4,0.7,Food,Food Specialist,0.17,6.8,12,0.48,Mobility,34.8,15.8,0,67.6,164.19,1316.08,Mid-Value,1,0.54,0.12,0.58,1,High-Risk,0.26,9.7,17.1,7.4,0.23,4,2.4,68.1,1,0.39,Moderately Sensitive,3.2,1.27,4.71,0.11,1,2,0.18,-0.99,76.7,1.8,Monitor with standard nudges
GRB100095,Indonesia,Jakarta,18-24,25,1,1,8,12,2,23,2,1,6,6,0.98,GrabPay,Power User,0.42,6.7,19,0.62,Mart,59.6,22.5,0,67.6,243.82,2039.32,High-Value,1,0.79,0.4,0.49,0,High-Risk,0.28,10.9,20.6,9.7,0.31,6,4.9,70.3,1,0.38,Moderately Sensitive,3.29,1.56,6.58,0.29,3,4,0.29,-1.09,51.3,1.8,Monitor with standard nudges
GRB100096,Thailand,Bangkok,25-34,43,1,1,2,4,1,1,1,1,2,6,1.0,Finance,At-Risk Single-App User,0.28,2.3,45,0.17,GrabPay,32.3,31.1,0,73.8,76.93,799.72,Low-Value,1,0.43,0.22,0.33,0,Average,0.16,10.6,15.0,4.4,0.19,2,2.8,51.7,0,0.11,Highly Sensitive,4.28,1.35,6.52,0.21,0,3,0.19,-1.39,67.9,1.5,Surge cap + fare explanation
GRB100097,Indonesia,Bandung,25-34,17,1,1,16,3,0,1,0,1,3,4,0.72,Mobility,Ride Specialist,0.32,6.6,20,0.33,Food,43.6,20.2,0,72.9,94.74,812.39,Low-Value,1,0.41,0.33,0.67,0,Average,0.14,9.4,14.6,5.2,0.15,4,4.1,48.0,0,0.11,Moderately Sensitive,2.76,1.41,4.84,0.2,3,2,0.19,-1.13,72.0,1.8,Monitor with standard nudges
GRB100098,Singapore,Singapore Fringe,18-24,25,0,0,3,3,3,4,0,0,7,4,0.69,GrabPay,Promo Opportunist,0.39,2.6,10,0.22,GrabPay,28.9,6.4,0,83.5,79.8,748.2,Low-Value,1,0.48,0.14,0.31,0,Average,0.17,10.5,14.7,4.2,0.15,4,1.9,45.8,0,0.09,Highly Sensitive,8.16,1.21,10.28,0.13,1,1,0.13,-1.78,80.4,1.5,Surge cap + fare explanation
GRB100099,Singapore,Singapore Core,35-44,33,1,1,14,11,2,13,2,0,6,5,0.8,Mobility,Power User,0.26,7.0,25,0.64,Mart,60.7,10.0,0,61.3,374.24,2920.04,High-Value,1,0.79,0.19,0.34,0,High-Risk,0.25,9.9,17.0,7.1,0.21,4,2.5,47.8,0,0.15,Convenience-First,9.38,1.65,17.08,0.34,4,4,0.27,-0.48,57.2,2.2,Monitor with standard nudges
GRB100100,Myanmar,Yangon,25-34,20,0,0,5,2,0,23,1,0,5,4,0.63,GrabPay,Payments Ecosystem User,0.2,1.5,19,0.26,Mart,26.1,27.0,0,83.6,65.32,650.94,Low-Value,1,0.24,0.06,0.64,0,Average,0.18,11.1,15.3,4.2,0.23,4,1.7,61.8,1,0.33,Highly Sensitive,2.18,1.21,3.34,0.05,3,1,0.09,-1.74,78.2,1.5,Surge cap + fare explanation
GRB100101,Cambodia,Siem Reap,25-34,16,1,1,19,3,0,2,0,0,0,3,0.49,Mobility,Ride Specialist,0.43,7.0,4,0.32,Food,43.1,9.0,0,84.4,90.54,732.87,Low-Value,0,0.46,0.13,0.55,0,Average,0.16,10.4,14.1,3.7,0.18,4,2.2,48.5,0,0.07,Moderately Sensitive,2.58,1.42,3.82,0.16,1,0,0.07,-1.13,82.3,1.8,Monitor with standard nudges
GRB100102,Vietnam,Hanoi,18-24,2,0,0,23,0,1,5,1,0,1,4,0.67,Mobility,Ride Specialist,0.2,5.9,10,0.41,Food,40.0,14.7,0,81.0,138.56,1213.56,Mid-Value,1,0.28,0.2,0.4,1,Average,0.15,8.5,13.1,4.6,0.15,1,3.1,59.9,1,0.26,Moderately Sensitive,3.21,1.29,4.59,0.03,3,0,0.03,-0.85,86.2,1.8,Monitor with standard nudges
GRB100103,Malaysia,Kuala Lumpur,18-24,29,1,1,2,1,1,0,0,1,1,4,0.6,Mobility,At-Risk Single-App User,0.41,1.3,44,0.22,Food,18.2,34.3,0,75.1,25.08,377.01,Low-Value,1,0.32,0.14,0.55,0,Average,0.2,9.0,13.1,4.1,0.19,4,4.4,49.6,0,0.07,Highly Sensitive,4.0,1.36,5.44,0.17,0,0,0.05,-1.52,81.5,1.5,Surge cap + fare explanation
GRB100104,Myanmar,Yangon,45-54,21,1,0,1,6,0,29,2,1,5,5,0.85,GrabPay,Payments Ecosystem User,0.35,2.7,19,0.38,Mart,35.9,16.9,0,67.6,89.75,1007.79,Mid-Value,1,0.41,0.03,0.69,0,Average,0.17,9.4,13.0,3.6,0.18,7,2.8,49.8,0,0.06,Moderately Sensitive,2.44,1.5,4.7,0.35,2,3,0.32,-0.93,55.2,1.8,Monitor with standard nudges
GRB100105,Philippines,Metro Manila,18-24,11,1,1,13,3,0,4,0,0,4,3,0.55,Mobility,Ride Specialist,0.43,5.0,20,0.37,Food,40.0,36.3,0,64.8,103.63,666.99,Low-Value,0,0.66,0.06,0.58,0,Average,0.2,10.6,14.8,4.2,0.23,4,2.4,47.3,0,0.14,Highly Sensitive,3.66,1.47,6.57,0.25,3,3,0.16,-1.52,61.0,1.5,Surge cap + fare explanation
GRB100106,Vietnam,Hanoi,25-34,23,1,1,2,9,2,7,1,1,3,6,1.0,Food,Food Specialist,0.3,3.6,4,0.54,Mobility,64.2,1.0,0,89.0,93.6,1048.73,Mid-Value,1,0.74,0.0,0.51,0,Average,0.18,11.5,15.5,4.0,0.17,3,2.5,53.1,0,0.14,Moderately Sensitive,3.16,1.38,4.5,0.21,1,0,0.08,-0.75,80.4,1.8,Monitor with standard nudges
GRB100107,Indonesia,Jakarta,25-34,16,1,1,4,7,2,5,0,0,7,4,0.64,Food,Promo Opportunist,0.81,4.7,10,0.3,Mobility,43.2,20.6,0,75.6,106.56,815.27,Low-Value,1,0.5,0.05,0.4,0,Average,0.16,9.0,11.2,2.2,0.14,3,3.1,35.6,0,0.1,Highly Sensitive,3.32,1.41,5.08,0.17,1,1,0.07,-1.84,73.8,1.5,Surge cap + fare explanation
GRB100108,Malaysia,Penang,25-34,16,1,1,3,4,0,1,0,0,0,3,0.47,Food,At-Risk Single-App User,0.26,2.3,56,0.28,Mobility,33.3,64.7,1,70.7,51.85,359.4,Low-Value,0,0.35,0.26,0.48,0,High-Risk,0.25,8.5,15.9,7.4,0.21,6,1.8,55.9,1,0.38,Highly Sensitive,3.87,1.28,5.9,0.1,3,2,0.18,-1.47,76.4,1.5,Retention offer on primary service
GRB100109,Singapore,Singapore Core,25-34,29,1,0,20,1,0,3,0,0,0,3,0.51,Mobility,Ride Specialist,0.24,6.3,13,0.3,Food,37.0,27.5,0,71.9,289.19,1845.46,High-Value,1,0.87,0.0,0.24,0,High-Risk,0.27,9.4,17.2,7.8,0.18,5,1.6,54.4,0,0.22,Moderately Sensitive,8.85,1.4,13.99,0.23,4,4,0.35,-1.06,57.7,1.8,Monitor with standard nudges
GRB100110,Cambodia,Phnom Penh,25-34,7,1,1,3,21,3,5,1,1,1,6,0.99,Food,Food Specialist,0.2,7.0,3,0.37,Mobility,46.4,1.0,0,85.2,248.47,2145.93,High-Value,1,0.34,0.02,0.6,0,Average,0.15,10.5,15.2,4.7,0.12,0,2.0,47.9,0,0.08,Moderately Sensitive,2.93,1.21,4.34,0.17,2,2,0.09,-0.88,70.2,1.8,Monitor with standard nudges
GRB100111,Indonesia,Bandung,18-24,34,1,1,9,2,0,2,0,0,8,3,0.52,Mobility,Promo Opportunist,0.81,3.6,3,0.42,Food,49.7,16.8,0,81.0,53.42,528.62,Low-Value,0,0.32,0.44,0.35,0,Average,0.14,9.4,13.7,4.3,0.13,3,0.6,33.8,0,0.07,Moderately Sensitive,2.95,1.24,4.36,0.16,3,1,0.08,-1.27,77.6,1.8,Monitor with standard nudges
GRB100112,Malaysia,Penang,25-34,7,1,1,2,4,1,2,0,0,9,4,0.69,Food,Promo Opportunist,0.69,2.5,4,0.24,Mobility,44.9,6.7,0,89.2,52.06,549.82,Low-Value,1,0.1,0.1,0.22,0,Reliable,0.05,5.8,9.4,3.6,0.11,5,2.8,38.0,0,0.09,Highly Sensitive,4.41,1.14,5.02,0.06,0,0,0.07,-1.5,83.3,1.5,Surge cap + fare explanation
GRB100113,Indonesia,Bandung,45-54,15,0,0,1,1,0,0,0,1,1,3,0.54,Mobility,At-Risk Single-App User,0.15,2.1,64,0.19,Food,15.9,78.6,1,52.0,12.14,199.8,Low-Value,0,0.67,0.22,0.51,0,High-Risk,0.27,9.5,16.7,7.2,0.23,5,3.4,65.1,1,0.36,Highly Sensitive,3.02,1.48,6.02,0.24,2,5,0.29,-1.53,56.6,1.5,Assign Reliable driver + auto-refund trigger
GRB100114,Thailand,Pattaya,35-44,43,1,1,2,21,3,2,0,0,5,4,0.62,Food,Food Specialist,0.4,7.0,20,0.47,Mobility,48.6,19.9,0,70.7,188.39,1371.18,Mid-Value,1,0.59,0.26,0.38,0,Average,0.16,9.7,13.7,4.0,0.18,2,2.6,45.5,0,0.09,Convenience-First,4.23,1.33,6.43,0.15,2,2,0.17,-0.41,75.3,2.2,Monitor with standard nudges
GRB100115,Malaysia,Johor Bahru,35-44,34,1,1,12,7,6,17,1,1,3,6,1.0,GrabPay,Power User,0.36,7.0,1,0.46,Mart,48.1,1.0,0,87.9,228.87,2018.06,High-Value,1,0.86,0.26,0.22,0,Average,0.19,11.2,15.7,4.5,0.09,3,2.4,38.4,0,0.09,Highly Sensitive,4.85,1.48,7.73,0.2,2,1,0.08,-1.49,66.8,1.5,Surge cap + fare explanation
GRB100116,Philippines,Davao,35-44,23,0,0,6,5,1,21,2,1,1,6,0.99,GrabPay,Payments Ecosystem User,0.34,4.8,7,0.38,Mart,29.8,1.0,0,79.3,130.82,1408.38,Mid-Value,1,0.17,0.0,0.55,0,High-Risk,0.26,9.7,13.3,3.6,0.24,2,1.8,54.7,0,0.22,Moderately Sensitive,3.22,1.17,4.27,0.0,0,2,0.16,-1.06,78.0,1.8,Monitor with standard nudges
GRB100117,Vietnam,Hanoi,35-44,12,0,0,1,0,1,0,1,1,2,4,0.66,Finance,At-Risk Single-App User,0.06,2.9,47,0.23,GrabPay,23.6,48.4,0,74.8,33.26,439.68,Low-Value,1,0.68,0.15,0.63,0,Average,0.17,9.5,16.3,6.8,0.18,5,4.1,56.2,1,0.24,Highly Sensitive,3.14,1.57,5.48,0.23,2,1,0.08,-1.36,73.4,1.5,Surge cap + fare explanation
GRB100118,Vietnam,Hanoi,18-24,16,1,1,1,0,1,0,0,1,2,3,0.53,Mobility,At-Risk Single-App User,0.28,5.0,51,0.17,Food,34.8,38.5,0,69.8,11.97,296.31,Low-Value,0,0.43,0.04,0.57,0,Average,0.15,9.3,14.9,5.6,0.14,2,2.5,44.2,0,0.11,Moderately Sensitive,3.28,1.31,5.09,0.13,2,2,0.09,-0.99,70.8,1.8,Monitor with standard nudges
GRB100119,Indonesia,Jakarta,25-34,23,0,0,17,16,2,11,1,0,8,5,0.87,Mobility,Power User,0.14,7.0,7,0.72,Mart,42.4,7.0,0,80.4,270.88,2210.56,High-Value,1,0.57,0.47,0.46,0,Average,0.16,8.6,15.0,6.4,0.18,4,2.3,53.8,0,0.04,Moderately Sensitive,3.29,1.36,5.42,0.15,3,2,0.15,-0.92,74.6,1.8,Monitor with standard nudges
GRB100120,Thailand,Chiang Mai,25-34,22,1,1,8,2,1,6,0,0,2,4,0.72,Mobility,Ride Specialist,0.14,4.2,3,0.21,Food,47.8,11.7,0,80.8,56.33,555.75,Low-Value,1,0.12,0.0,0.44,0,Average,0.17,7.4,9.4,2.0,0.14,1,1.9,46.8,0,0.06,Highly Sensitive,3.1,1.19,3.84,0.0,1,0,0.0,-1.49,79.2,1.5,Surge cap + fare explanation
GRB100121,Thailand,Bangkok,25-34,21,1,1,8,6,1,4,0,0,9,4,0.68,Mobility,Promo Opportunist,0.7,5.2,1,0.28,GrabPay,51.2,12.9,0,83.0,100.83,803.3,Low-Value,1,0.68,0.05,0.51,0,Average,0.18,12.0,18.8,6.8,0.11,2,2.6,43.6,0,0.06,Highly Sensitive,3.65,1.34,5.69,0.15,2,2,0.19,-1.8,63.1,1.5,Surge cap + fare explanation
GRB100122,Vietnam,Da Nang,45-54,22,1,1,14,6,5,26,2,0,3,5,0.83,GrabPay,Power User,0.28,5.5,14,0.37,Mart,53.9,4.6,0,74.8,233.85,2031.99,High-Value,1,0.56,0.06,0.55,0,Average,0.18,8.4,12.4,4.0,0.2,5,5.0,49.2,0,0.04,Moderately Sensitive,2.61,1.48,4.67,0.22,2,2,0.12,-1.07,72.0,1.8,Monitor with standard nudges
GRB100123,Singapore,Singapore Fringe,25-34,20,1,1,4,5,2,11,1,0,1,5,0.82,GrabPay,Payments Ecosystem User,0.36,3.3,10,0.36,Mart,50.1,3.6,0,88.2,113.73,1111.99,Mid-Value,1,0.41,0.0,0.28,0,High-Risk,0.2,6.3,12.3,6.0,0.17,4,3.7,41.9,0,0.24,Moderately Sensitive,9.25,1.24,11.97,0.03,0,2,0.13,-1.26,79.7,1.8,Monitor with standard nudges
GRB100124,Indonesia,Jakarta,35-44,6,1,1,22,0,1,7,1,1,1,5,0.76,Mobility,Ride Specialist,0.49,5.6,16,0.4,Food,52.7,35.0,0,71.4,168.17,1301.69,Mid-Value,1,0.54,0.34,0.48,0,Average,0.18,8.6,15.5,6.9,0.18,3,3.8,61.0,1,0.22,Moderately Sensitive,3.04,1.41,5.94,0.17,6,3,0.21,-1.02,60.3,1.8,Monitor with standard nudges
GRB100125,Singapore,Singapore Fringe,45-54,16,1,1,8,6,0,2,0,0,5,3,0.55,Mobility,Promo Opportunist,0.59,4.9,19,0.37,GrabPay,60.2,40.8,0,69.4,147.77,942.86,Low-Value,0,0.28,0.47,0.33,0,High-Risk,0.26,8.1,16.3,8.2,0.2,3,1.9,57.4,1,0.35,Highly Sensitive,9.03,1.36,13.49,0.14,3,3,0.18,-1.81,65.8,1.5,Surge cap + fare explanation
GRB100126,Indonesia,Jakarta,25-34,32,1,1,2,1,0,1,0,1,0,4,0.65,Mobility,At-Risk Single-App User,0.27,1.9,48,0.25,Food,35.1,32.1,0,94.7,13.32,299.11,Low-Value,1,0.32,0.12,0.52,0,Average,0.15,9.6,16.2,6.6,0.11,1,1.3,44.5,0,0.13,Highly Sensitive,2.51,1.22,3.21,0.04,1,0,0.0,-1.55,83.9,1.5,Surge cap + fare explanation
GRB100127,Indonesia,Bandung,45-54,7,1,1,20,1,1,3,0,0,4,4,0.69,Mobility,Ride Specialist,0.31,6.0,4,0.41,Food,45.2,8.6,0,79.0,102.35,949.39,Low-Value,1,0.34,0.02,0.47,0,Average,0.17,9.2,13.2,4.0,0.17,2,2.0,48.6,0,0.06,Moderately Sensitive,2.61,1.17,4.16,0.09,4,2,0.2,-0.96,68.5,1.8,Monitor with standard nudges
GRB100128,Malaysia,Kuala Lumpur,25-34,20,1,0,21,0,1,5,0,0,3,3,0.53,Mobility,Ride Specialist,0.38,7.0,3,0.28,Food,29.0,7.8,0,74.5,118.05,970.55,Low-Value,0,0.09,0.0,0.37,0,High-Risk,0.26,8.5,13.5,5.0,0.25,4,2.8,48.2,0,0.19,Moderately Sensitive,3.59,1.19,4.82,0.0,2,1,0.08,-0.97,76.3,1.8,Monitor with standard nudges
GRB100129,Singapore,Singapore Core,45-54,13,1,1,9,10,0,1,0,0,6,3,0.45,Food,Promo Opportunist,0.57,6.2,15,0.56,GrabPay,66.4,3.6,0,78.6,181.56,1498.63,Mid-Value,0,0.58,0.15,0.42,0,Average,0.15,7.5,11.5,4.0,0.15,4,1.9,39.6,0,0.04,Moderately Sensitive,8.9,1.29,11.78,0.02,2,0,0.05,-1.37,83.5,1.8,Monitor with standard nudges
GRB100130,Thailand,Chiang Mai,25-34,23,1,1,0,17,1,1,0,0,4,3,0.46,Food,Food Specialist,0.25,4.9,7,0.47,Mobility,64.1,7.7,0,89.3,143.6,1173.08,Mid-Value,0,0.63,0.14,0.54,0,Average,0.16,11.5,14.1,2.6,0.12,1,3.1,33.0,0,0.11,Moderately Sensitive,4.0,1.33,5.33,0.14,0,0,0.02,-1.02,85.2,1.8,Monitor with standard nudges
GRB100131,Malaysia,Johor Bahru,25-34,18,1,1,0,23,2,1,0,1,1,4,0.73,Food,Food Specialist,0.38,5.8,13,0.36,Mobility,42.2,12.2,0,75.5,216.29,1754.13,Mid-Value,1,0.29,0.1,0.42,0,Average,0.13,7.9,11.4,3.5,0.14,4,3.8,37.5,0,0.11,Convenience-First,4.13,1.41,6.08,0.2,0,1,0.13,-0.52,71.3,2.2,Monitor with standard nudges
GRB100132,Cambodia,Phnom Penh,25-34,38,1,1,2,10,2,2,0,0,8,4,0.68,Food,Promo Opportunist,0.65,5.4,18,0.52,Mobility,49.2,38.2,0,79.1,110.81,779.94,Low-Value,1,0.48,0.21,0.72,0,Average,0.22,11.3,17.3,6.0,0.23,3,2.2,68.4,1,0.29,Highly Sensitive,3.39,1.48,5.27,0.26,0,1,0.11,-1.69,71.2,1.5,Surge cap + fare explanation
GRB100133,Thailand,Pattaya,18-24,28,1,1,6,3,1,10,1,1,1,6,0.98,GrabPay,Payments Ecosystem User,0.14,4.3,20,0.39,Mart,45.8,19.3,0,69.9,93.69,969.62,Low-Value,1,0.37,0.28,0.41,0,High-Risk,0.27,7.1,14.9,7.8,0.26,5,3.9,58.5,1,0.4,Moderately Sensitive,3.82,1.23,5.9,0.05,3,3,0.2,-0.8,66.8,1.8,Monitor with standard nudges
GRB100134,Indonesia,Bandung,25-34,8,1,1,4,23,2,4,0,1,1,5,0.83,Food,Food Specialist,0.2,5.7,11,0.41,Mobility,57.6,14.7,0,84.6,249.82,1948.52,High-Value,1,0.48,0.22,0.61,0,Average,0.18,10.0,14.7,4.7,0.21,2,2.4,57.3,1,0.26,Highly Sensitive,3.26,1.36,4.73,0.11,2,0,0.03,-1.59,80.7,1.5,Surge cap + fare explanation
GRB100135,Thailand,Bangkok,45-54,29,1,1,14,2,1,5,0,1,3,5,0.88,Mobility,Ride Specialist,0.42,4.6,12,0.34,Food,39.4,12.3,0,85.0,95.82,933.5,Low-Value,1,0.31,0.14,0.48,0,Average,0.15,8.9,11.7,2.8,0.06,3,3.3,31.7,0,0.06,Highly Sensitive,3.48,1.22,4.55,0.07,2,0,0.04,-1.83,81.7,1.5,Surge cap + fare explanation
GRB100136,Singapore,Singapore Fringe,35-44,13,0,0,20,1,1,3,1,0,1,5,0.87,Mobility,Ride Specialist,0.21,6.1,19,0.27,Food,18.1,8.7,0,84.2,266.91,2201.08,High-Value,1,0.26,0.05,0.57,0,Average,0.14,10.2,14.1,3.9,0.17,6,2.3,53.6,0,0.05,Moderately Sensitive,7.51,1.42,11.47,0.18,2,2,0.2,-0.9,68.8,1.8,Monitor with standard nudges
GRB100137,Myanmar,Mandalay,18-24,16,1,0,16,2,1,3,1,0,2,5,0.77,Mobility,Ride Specialist,0.24,6.1,19,0.44,Food,55.1,20.4,0,77.4,122.72,1084.95,Mid-Value,1,0.61,0.31,0.51,0,Average,0.2,8.2,14.7,6.5,0.17,2,2.1,47.9,0,0.13,Moderately Sensitive,2.66,1.52,5.14,0.34,4,2,0.1,-1.07,65.7,1.8,Monitor with standard nudges
GRB100138,Indonesia,Surabaya,25-34,25,0,0,21,12,6,26,2,0,4,5,0.9,GrabPay,Power User,0.17,7.0,1,0.69,Mart,52.7,1.0,0,82.8,293.78,2565.46,High-Value,1,0.41,0.18,0.42,0,Average,0.15,8.8,13.7,4.9,0.11,2,2.1,44.9,0,0.11,Moderately Sensitive,2.61,1.29,3.92,0.1,2,1,0.15,-1.19,74.2,1.8,Monitor with standard nudges
GRB100139,Philippines,Davao,18-24,17,1,1,11,2,1,4,0,0,1,4,0.71,Mobility,Ride Specialist,0.3,4.6,27,0.37,Food,48.4,48.3,0,77.2,104.84,700.37,Low-Value,1,0.78,0.34,0.54,0,Average,0.19,9.6,15.6,6.0,0.19,5,3.9,55.2,1,0.23,Highly Sensitive,3.98,1.57,7.2,0.29,3,2,0.15,-1.55,63.1,1.5,Surge cap + fare explanation
GRB100140,Singapore,Singapore Fringe,18-24,32,1,1,3,11,2,0,0,0,3,3,0.49,Food,Promo Opportunist,0.68,5.3,15,0.44,Mobility,49.5,32.4,0,72.1,141.69,1015.56,Mid-Value,0,0.43,0.32,0.34,0,Average,0.17,9.0,12.9,3.9,0.18,1,1.2,61.0,1,0.26,Moderately Sensitive,8.74,1.23,11.55,0.2,2,2,0.13,-1.06,63.3,1.8,Monitor with standard nudges
GRB100141,Indonesia,Bandung,45-54,13,1,1,21,3,1,1,0,0,3,4,0.62,Mobility,Ride Specialist,0.19,6.6,3,0.33,Food,51.1,1.0,0,87.7,103.75,974.18,Low-Value,1,0.25,0.01,0.64,0,Average,0.15,10.1,14.6,4.5,0.11,3,0.1,50.2,0,0.07,Moderately Sensitive,2.37,1.24,3.34,0.08,1,1,0.07,-1.14,74.9,1.8,Monitor with standard nudges
GRB100142,Indonesia,Bandung,25-34,15,1,1,5,6,0,13,2,1,4,5,0.88,GrabPay,Payments Ecosystem User,0.23,3.0,15,0.37,Mart,38.8,23.2,0,72.1,141.58,1329.04,Mid-Value,1,0.64,0.01,0.43,0,High-Risk,0.25,11.1,14.3,3.2,0.23,5,2.2,47.0,0,0.15,Highly Sensitive,3.41,1.37,5.82,0.19,1,4,0.23,-1.22,66.9,1.5,Surge cap + fare explanation
GRB100143,Cambodia,Siem Reap,25-34,15,0,0,9,0,0,5,1,1,1,4,0.69,Mobility,Ride Specialist,0.2,3.0,24,0.35,Food,27.3,32.1,0,74.7,63.89,669.06,Low-Value,1,0.53,0.09,0.65,0,Average,0.18,9.8,14.7,4.9,0.21,4,2.8,59.5,1,0.27,Moderately Sensitive,2.79,1.44,4.51,0.24,0,2,0.13,-1.09,71.1,1.8,Monitor with standard nudges
GRB100144,Thailand,Bangkok,35-44,16,0,0,18,6,6,26,2,1,6,6,0.94,GrabPay,Power User,0.17,7.0,19,0.52,Mart,41.1,1.7,0,75.3,241.92,2249.79,High-Value,1,0.55,0.05,0.53,0,Average,0.18,10.9,18.3,7.4,0.17,5,3.3,69.1,1,0.24,Convenience-First,3.41,1.44,5.45,0.25,2,1,0.09,-0.47,71.4,2.2,Monitor with standard nudges
GRB100145,Indonesia,Bandung,18-24,34,0,0,5,5,3,4,0,0,4,4,0.66,Mobility,Promo Opportunist,0.55,4.1,7,0.22,GrabPay,16.4,21.8,0,80.2,98.31,767.01,Low-Value,1,0.63,0.32,0.54,1,Average,0.22,11.7,15.2,3.5,0.19,5,4.9,45.6,0,0.04,Highly Sensitive,3.34,1.48,5.34,0.25,1,1,0.11,-1.79,75.2,1.5,Surge cap + fare explanation
GRB100146,Malaysia,Penang,25-34,29,1,1,3,0,1,0,1,0,1,3,0.63,Finance,At-Risk Single-App User,0.2,0.4,51,0.12,GrabPay,29.0,48.7,0,69.5,46.38,446.14,Low-Value,0,0.3,0.22,0.3,0,Average,0.15,5.9,9.8,3.9,0.11,5,3.8,35.9,0,0.02,Highly Sensitive,3.81,1.26,5.75,0.11,3,2,0.14,-1.49,80.1,1.5,Surge cap + fare explanation
GRB100147,Indonesia,Surabaya,35-44,41,1,1,18,3,0,7,0,0,0,3,0.5,Mobility,Ride Specialist,0.33,5.3,9,0.35,Food,45.9,6.3,0,73.6,109.66,923.99,Low-Value,0,0.4,0.31,0.59,0,Average,0.19,10.2,14.9,4.7,0.23,4,3.0,54.4,0,0.02,Moderately Sensitive,3.23,1.38,5.01,0.18,2,1,0.13,-1.06,70.6,1.8,Monitor with standard nudges
GRB100148,Thailand,Bangkok,35-44,47,1,1,11,2,1,3,0,1,2,5,0.8,Mobility,Ride Specialist,0.39,4.4,4,0.25,Food,43.0,12.2,0,85.4,83.44,772.71,Low-Value,1,0.39,0.23,0.54,0,Average,0.16,10.3,14.2,3.9,0.13,2,2.2,43.0,0,0.07,Moderately Sensitive,3.62,1.33,5.21,0.11,1,1,0.07,-1.25,70.7,1.8,Monitor with standard nudges
GRB100149,Indonesia,Jakarta,55+,11,1,1,8,0,0,3,1,1,3,4,0.63,Mobility,Ride Specialist,0.34,2.8,4,0.21,Food,39.8,13.4,0,72.8,53.33,662.43,Low-Value,1,0.19,0.21,0.53,0,Average,0.14,8.1,13.2,5.1,0.19,2,3.3,50.8,0,0.08,Highly Sensitive,2.71,1.25,3.94,0.11,2,1,0.06,-1.21,71.0,1.5,Surge cap + fare explanation
GRB100150,Singapore,Singapore Core,35-44,23,1,1,2,13,4,5,1,0,4,5,0.9,Food,Food Specialist,0.31,5.1,16,0.38,Mobility,42.1,10.5,0,73.0,161.95,1359.65,Mid-Value,1,0.37,0.32,0.33,0,High-Risk,0.26,6.8,14.6,7.8,0.22,6,3.0,50.9,0,0.16,Moderately Sensitive,9.37,1.33,13.36,0.24,1,3,0.22,-1.1,60.8,1.8,Monitor with standard nudges
GRB100151,Philippines,Davao,25-34,9,1,1,1,20,4,5,1,1,1,6,1.0,Food,Food Specialist,0.29,7.0,15,0.43,Mobility,39.4,8.8,0,79.8,176.78,1595.1,Mid-Value,1,0.66,0.24,0.53,1,Average,0.19,11.3,16.7,5.4,0.19,2,2.1,67.9,1,0.29,Convenience-First,4.0,1.57,6.53,0.35,0,1,0.12,-0.59,65.6,2.2,Monitor with standard nudges
GRB100152,Philippines,Metro Manila,35-44,13,1,0,17,3,0,1,0,1,2,4,0.72,Mobility,Ride Specialist,0.23,4.4,1,0.45,Food,46.6,15.4,0,88.8,120.18,1026.29,Mid-Value,1,0.46,0.19,0.5,0,Average,0.14,8.0,13.5,5.5,0.1,2,1.1,37.6,0,0.08,Highly Sensitive,3.87,1.38,5.79,0.19,3,0,0.05,-1.39,75.2,1.5,Surge cap + fare explanation
GRB100153,Malaysia,Kuala Lumpur,45-54,15,0,0,21,16,5,22,1,0,4,5,0.84,GrabPay,Power User,0.17,7.0,26,0.54,Mart,38.2,39.6,0,70.2,284.51,1877.54,High-Value,1,0.18,0.36,0.43,1,High-Risk,0.24,7.7,14.6,6.9,0.22,4,4.3,62.7,1,0.4,Highly Sensitive,3.97,1.19,5.77,0.1,2,3,0.21,-1.26,72.9,1.5,Surge cap + fare explanation
GRB100154,Thailand,Pattaya,35-44,10,1,1,2,10,2,1,1,1,5,6,1.0,Food,Food Specialist,0.4,4.0,12,0.56,Mobility,48.1,15.2,0,89.9,100.17,1042.4,Mid-Value,1,0.14,0.19,0.44,0,Average,0.14,7.7,15.2,7.5,0.16,3,2.9,60.9,1,0.25,Convenience-First,3.75,1.23,4.86,0.04,0,1,0.06,-0.44,84.2,2.2,Monitor with standard nudges
GRB100155,Singapore,Singapore Fringe,55+,10,1,1,3,4,2,21,1,0,4,5,0.8,GrabPay,Payments Ecosystem User,0.29,4.1,20,0.36,Mart,46.9,12.1,0,79.9,107.5,1021.53,Mid-Value,1,0.72,0.14,0.24,0,High-Risk,0.24,9.9,17.6,7.7,0.15,4,2.2,51.6,0,0.17,Convenience-First,10.1,1.48,15.2,0.22,0,1,0.08,-0.67,74.0,2.2,Monitor with standard nudges
GRB100156,Vietnam,Hanoi,35-44,20,1,1,5,10,3,0,0,0,8,3,0.51,Food,Promo Opportunist,0.55,6.8,1,0.46,GrabPay,52.4,25.5,0,79.5,137.26,962.23,Low-Value,0,0.4,0.08,0.38,0,Average,0.18,7.8,12.1,4.3,0.17,6,3.5,41.7,0,0.08,Highly Sensitive,3.15,1.4,5.21,0.23,2,2,0.14,-1.62,77.1,1.5,Surge cap + fare explanation
GRB100157,Indonesia,Bandung,45-54,9,1,1,1,16,2,3,0,0,4,4,0.68,Food,Food Specialist,0.26,6.1,15,0.31,Mobility,42.6,27.8,0,69.2,170.8,1254.24,Mid-Value,1,0.3,0.26,0.42,0,High-Risk,0.25,7.5,12.3,4.8,0.22,4,3.4,45.1,0,0.15,Moderately Sensitive,2.89,1.31,5.08,0.2,2,4,0.3,-1.24,61.4,1.8,Monitor with standard nudges
GRB100158,Vietnam,Hanoi,18-24,31,1,1,10,10,3,12,1,1,8,6,1.0,GrabPay,Power User,0.32,4.6,6,0.74,Mart,52.1,1.0,0,80.9,199.87,1814.64,High-Value,1,0.37,0.38,0.48,0,Average,0.2,9.0,13.2,4.2,0.18,3,2.3,48.0,0,0.1,Convenience-First,2.87,1.41,5.14,0.15,4,2,0.17,-0.44,62.8,2.2,Monitor with standard nudges
GRB100159,Vietnam,Ho Chi Minh City,35-44,12,1,1,14,2,1,2,1,0,1,5,0.85,Mobility,Ride Specialist,0.27,4.7,2,0.34,Food,53.0,9.4,0,79.1,107.46,1122.9,Mid-Value,1,0.15,0.17,0.46,0,Average,0.15,9.0,14.1,5.1,0.18,5,2.7,46.6,0,0.04,Highly Sensitive,3.11,1.26,4.47,0.07,2,1,0.09,-1.72,81.0,1.5,Surge cap + fare explanation
GRB100160,Philippines,Davao,25-34,53,1,1,13,0,1,6,0,1,3,4,0.64,Mobility,Ride Specialist,0.34,4.6,5,0.35,Food,41.4,10.8,0,77.6,88.02,818.83,Low-Value,1,0.68,0.34,0.53,0,Average,0.19,12.9,16.8,3.9,0.13,3,1.9,46.6,0,0.12,Moderately Sensitive,3.91,1.39,5.69,0.29,0,1,0.08,-1.15,64.9,1.8,Monitor with standard nudges
GRB100161,Singapore,Singapore Core,25-34,17,1,1,8,10,2,0,0,0,9,3,0.5,Food,Promo Opportunist,0.66,5.7,21,0.34,GrabPay,45.9,21.2,0,79.0,195.49,1356.48,Mid-Value,0,0.35,0.0,0.35,0,Average,0.12,6.5,7.6,1.1,0.12,3,2.9,27.8,0,0.07,Highly Sensitive,8.46,1.35,11.83,0.16,1,1,0.08,-1.7,74.5,1.5,Surge cap + fare explanation
GRB100162,Cambodia,Siem Reap,35-44,23,0,0,2,4,1,0,0,0,0,3,0.43,Food,At-Risk Single-App User,0.25,3.4,56,0.22,Mobility,16.3,61.0,1,58.8,39.41,270.14,Low-Value,0,0.67,0.17,0.53,0,Average,0.18,10.7,15.7,5.0,0.23,4,2.5,60.6,1,0.3,Moderately Sensitive,3.28,1.46,5.84,0.31,2,3,0.18,-0.96,63.9,1.8,Retention offer on primary service
GRB100163,Malaysia,Johor Bahru,55+,8,1,1,6,6,2,27,2,1,5,6,0.91,GrabPay,Payments Ecosystem User,0.41,3.4,15,0.44,Mart,48.4,25.7,0,78.2,168.76,1545.26,Mid-Value,1,0.43,0.18,0.5,0,High-Risk,0.26,8.0,16.6,8.6,0.27,5,2.8,67.2,1,0.34,Moderately Sensitive,3.69,1.3,5.99,0.13,3,3,0.23,-1.12,64.3,1.8,Monitor with standard nudges
GRB100164,Singapore,Singapore Fringe,55+,41,1,1,4,4,0,24,2,1,3,5,0.87,GrabPay,Payments Ecosystem User,0.38,3.2,1,0.37,Mart,57.3,1.0,0,85.4,144.0,1442.28,Mid-Value,1,0.68,0.09,0.29,0,Average,0.13,10.3,15.1,4.8,0.13,1,0.5,45.6,0,0.05,Convenience-First,10.56,1.43,15.5,0.22,1,1,0.07,-0.39,72.1,2.2,Monitor with standard nudges
GRB100165,Thailand,Chiang Mai,25-34,34,1,1,2,1,1,23,2,1,3,6,0.99,GrabPay,Payments Ecosystem User,0.23,2.7,1,0.43,Mart,56.1,1.7,0,88.8,95.36,1078.5,Mid-Value,1,0.47,0.47,0.41,0,Average,0.16,7.9,12.9,5.0,0.16,1,1.9,57.4,1,0.28,Highly Sensitive,4.0,1.36,5.58,0.14,1,0,0.09,-1.42,74.6,1.5,Surge cap + fare explanation
GRB100166,Indonesia,Bandung,35-44,25,1,1,5,5,0,26,1,1,5,5,0.82,GrabPay,Payments Ecosystem User,0.23,4.3,12,0.43,Mart,57.7,24.8,0,71.4,108.83,1046.3,Mid-Value,1,0.57,0.17,0.52,0,High-Risk,0.26,9.1,14.1,5.0,0.21,2,2.0,51.4,0,0.25,Highly Sensitive,3.12,1.51,5.86,0.3,1,4,0.28,-1.43,60.2,1.5,Surge cap + fare explanation
GRB100167,Philippines,Cebu,35-44,7,1,1,17,17,2,19,2,1,8,6,1.0,GrabPay,Power User,0.29,7.0,9,0.64,Mart,62.2,1.0,0,76.7,265.17,2385.45,High-Value,1,0.55,0.13,0.36,0,Average,0.17,8.4,13.5,5.1,0.15,4,2.6,43.2,0,0.15,Moderately Sensitive,3.6,1.33,6.14,0.21,4,3,0.25,-1.18,67.5,1.8,Monitor with standard nudges
GRB100168,Philippines,Cebu,25-34,24,1,0,14,14,4,25,1,0,2,5,0.89,GrabPay,Power User,0.26,7.0,7,0.76,Mart,60.0,1.0,0,83.0,234.51,2044.62,High-Value,1,0.53,0.18,0.45,0,Average,0.18,9.3,14.8,5.5,0.19,2,2.4,49.4,0,0.08,Moderately Sensitive,3.27,1.38,4.91,0.12,1,1,0.11,-0.81,76.1,1.8,Monitor with standard nudges
GRB100169,Indonesia,Jakarta,18-24,10,1,1,19,0,0,6,0,0,0,2,0.35,Mobility,Ride Specialist,0.21,2.6,3,0.33,Food,43.6,26.7,0,80.2,92.51,702.28,Low-Value,0,0.48,0.0,0.56,0,Average,0.15,10.1,12.0,1.9,0.13,4,3.6,40.1,0,0.15,Moderately Sensitive,2.9,1.39,4.43,0.16,1,1,0.1,-1.09,73.8,1.8,Monitor with standard nudges
GRB100170,Myanmar,Yangon,18-24,38,1,1,1,22,3,8,0,0,1,4,0.74,Food,Food Specialist,0.26,6.1,13,0.4,Mobility,47.6,16.4,0,70.9,240.93,1803.63,High-Value,1,0.38,0.14,0.47,0,Average,0.17,9.4,14.9,5.5,0.19,4,3.6,52.4,0,0.07,Moderately Sensitive,2.61,1.26,4.34,0.14,2,3,0.23,-0.81,62.6,1.8,Monitor with standard nudges
GRB100171,Indonesia,Surabaya,35-44,31,1,1,13,12,6,16,2,1,4,6,1.0,GrabPay,Power User,0.26,7.0,25,0.67,Mart,57.3,13.8,0,76.0,265.93,2353.41,High-Value,1,0.76,0.3,0.57,0,Average,0.19,10.9,17.4,6.5,0.26,4,3.5,57.0,1,0.3,Moderately Sensitive,3.36,1.53,5.95,0.26,2,2,0.15,-0.77,62.8,1.8,Monitor with standard nudges
GRB100172,Indonesia,Bandung,25-34,23,1,1,3,2,0,3,1,0,2,4,0.68,Finance,At-Risk Single-App User,0.25,1.5,56,0.22,GrabPay,41.5,32.9,0,74.4,47.38,447.59,Low-Value,1,0.26,0.1,0.6,0,Average,0.1,7.6,12.7,5.1,0.13,2,2.0,36.7,0,0.04,Moderately Sensitive,2.79,1.32,4.18,0.11,0,2,0.19,-0.95,76.2,1.8,Monitor with standard nudges
GRB100173,Malaysia,Kuala Lumpur,55+,2,0,0,9,10,1,3,0,0,6,4,0.68,Food,Promo Opportunist,0.47,5.7,1,0.39,GrabPay,35.2,17.9,0,78.8,110.91,871.52,Low-Value,1,0.42,0.08,0.35,1,Average,0.14,9.2,14.0,4.8,0.09,3,2.0,44.6,0,0.1,Highly Sensitive,3.4,1.16,4.64,0.09,3,1,0.11,-1.49,76.7,1.5,Surge cap + fare explanation
GRB100174,Cambodia,Siem Reap,25-34,11,1,1,3,17,4,5,1,1,1,6,0.95,Food,Food Specialist,0.39,6.2,15,0.41,Mobility,51.1,28.0,0,80.7,203.34,1618.63,Mid-Value,1,0.42,0.34,0.6,0,Average,0.2,9.6,15.3,5.7,0.17,2,1.2,55.5,1,0.17,Convenience-First,2.6,1.51,4.98,0.31,2,3,0.2,-0.95,58.3,2.2,Monitor with standard nudges
GRB100175,Malaysia,Johor Bahru,55+,30,1,1,8,3,1,5,0,1,0,5,0.87,Mobility,Ride Specialist,0.32,1.6,5,0.15,Food,41.8,13.5,0,81.2,88.87,949.04,Low-Value,1,0.49,0.34,0.47,0,Average,0.14,10.6,16.3,5.7,0.18,2,1.6,53.4,0,0.04,Highly Sensitive,4.87,1.39,7.57,0.16,2,2,0.14,-1.57,61.0,1.5,Surge cap + fare explanation
GRB100176,Singapore,Singapore Fringe,25-34,35,0,0,14,1,0,6,1,0,2,4,0.57,Mobility,Ride Specialist,0.38,4.7,10,0.45,Food,46.0,1.0,0,87.2,187.7,1701.39,Mid-Value,1,0.34,0.24,0.27,0,Reliable,0.09,6.9,10.3,3.4,0.1,3,2.6,45.9,0,0.1,Moderately Sensitive,8.27,1.28,10.98,0.12,1,1,0.15,-0.94,79.5,1.8,Monitor with standard nudges
GRB100177,Indonesia,Surabaya,35-44,34,1,1,8,1,1,3,1,0,0,5,0.81,Mobility,Ride Specialist,0.31,2.6,12,0.32,Food,45.5,22.2,0,75.9,85.5,879.06,Low-Value,1,0.48,0.13,0.55,0,Average,0.2,7.9,10.1,2.2,0.22,4,2.1,60.8,1,0.21,Moderately Sensitive,3.29,1.37,5.86,0.11,4,3,0.17,-0.93,64.7,1.8,Monitor with standard nudges
GRB100178,Myanmar,Yangon,18-24,4,1,1,2,4,0,0,1,0,0,3,0.5,Finance,At-Risk Single-App User,0.28,3.2,61,0.27,GrabPay,40.3,60.0,1,72.1,61.6,457.18,Low-Value,0,0.39,0.2,0.56,1,Average,0.15,9.3,11.9,2.6,0.15,2,2.3,55.0,1,0.28,Highly Sensitive,2.39,1.38,3.7,0.13,1,1,0.15,-1.67,80.8,1.5,Retention offer on primary service
GRB100179,Philippines,Metro Manila,25-34,25,0,0,3,13,5,3,1,1,2,6,0.97,Food,Food Specialist,0.18,4.4,9,0.37,Mobility,25.7,8.4,0,91.3,164.24,1498.83,Mid-Value,1,0.14,0.08,0.47,0,Average,0.14,9.3,11.8,2.5,0.17,3,1.6,53.0,0,0.12,Highly Sensitive,3.32,1.33,4.97,0.15,2,1,0.09,-1.52,72.8,1.5,Surge cap + fare explanation
GRB100180,Vietnam,Da Nang,35-44,33,1,1,5,3,2,4,0,0,9,4,0.65,Mobility,Promo Opportunist,0.64,3.5,8,0.22,Food,33.1,15.3,0,83.6,65.07,570.96,Low-Value,1,0.42,0.06,0.4,0,Average,0.12,8.9,12.8,3.9,0.12,2,0.5,47.6,0,0.06,Highly Sensitive,3.25,1.2,4.45,0.06,2,1,0.05,-1.99,73.7,1.5,Surge cap + fare explanation
GRB100181,Philippines,Davao,45-54,4,1,1,13,1,1,5,1,0,1,5,0.91,Mobility,Ride Specialist,0.33,4.2,27,0.31,Food,29.5,31.2,0,82.0,98.04,839.01,Low-Value,1,0.22,0.05,0.54,1,Average,0.18,8.4,12.4,4.0,0.15,3,3.4,63.5,1,0.22,Highly Sensitive,3.2,1.23,4.34,0.03,1,1,0.08,-1.5,80.5,1.5,Surge cap + fare explanation
GRB100182,Philippines,Cebu,45-54,22,1,1,12,1,0,7,0,1,3,4,0.71,Mobility,Ride Specialist,0.47,4.4,18,0.49,Food,57.1,29.1,0,75.8,78.61,753.36,Low-Value,1,0.11,0.11,0.6,1,Average,0.15,7.5,11.3,3.8,0.15,2,1.7,64.7,1,0.24,Moderately Sensitive,3.79,1.3,5.57,0.09,1,2,0.09,-1.34,83.7,1.8,Monitor with standard nudges
GRB100183,Indonesia,Jakarta,18-24,25,1,1,3,18,1,6,0,1,4,5,0.81,Food,Food Specialist,0.23,6.0,21,0.35,Mobility,50.0,23.5,0,79.2,170.77,1338.98,Mid-Value,1,0.44,0.11,0.47,0,High-Risk,0.25,11.0,19.1,8.1,0.18,7,3.1,63.6,1,0.34,Moderately Sensitive,2.97,1.37,4.86,0.11,2,2,0.21,-0.87,73.5,1.8,Monitor with standard nudges
GRB100184,Indonesia,Jakarta,25-34,19,1,1,6,5,1,2,0,0,3,4,0.65,Mobility,Promo Opportunist,0.69,3.6,10,0.14,GrabPay,44.5,28.4,0,78.2,76.48,633.32,Low-Value,1,0.51,0.0,0.38,0,Average,0.18,7.8,13.3,5.5,0.21,3,1.5,57.7,1,0.26,Highly Sensitive,3.05,1.34,4.64,0.17,2,1,0.07,-1.57,73.5,1.5,Surge cap + fare explanation
GRB100185,Philippines,Cebu,18-24,2,1,1,7,2,1,3,0,0,3,4,0.62,Mobility,Promo Opportunist,0.64,2.0,1,0.34,Food,45.0,4.3,0,87.0,73.04,724.92,Low-Value,1,0.51,0.26,0.42,1,Average,0.18,8.3,12.1,3.8,0.17,5,3.7,51.8,0,0.08,Highly Sensitive,3.66,1.59,6.08,0.21,0,1,0.13,-1.74,76.9,1.5,Surge cap + fare explanation
GRB100186,Vietnam,Hanoi,18-24,18,1,1,23,1,0,5,1,1,3,5,0.86,Mobility,Ride Specialist,0.17,4.8,7,0.42,Food,48.0,23.4,0,85.6,166.46,1325.06,Mid-Value,1,0.52,0.26,0.49,0,Average,0.16,10.2,15.4,5.2,0.19,3,3.9,52.3,0,0.07,Moderately Sensitive,3.4,1.45,6.03,0.17,4,2,0.18,-0.91,61.0,1.8,Monitor with standard nudges
GRB100187,Indonesia,Jakarta,35-44,18,1,1,3,5,1,20,1,1,2,6,0.99,GrabPay,Payments Ecosystem User,0.36,2.7,29,0.48,Mart,49.2,12.7,0,79.5,96.0,1023.32,Mid-Value,1,0.07,0.38,0.63,0,Average,0.15,6.4,9.5,3.1,0.17,4,2.5,46.0,0,0.15,Moderately Sensitive,3.16,1.39,5.45,0.09,2,3,0.19,-1.09,66.2,1.8,Monitor with standard nudges
GRB100188,Singapore,Singapore Fringe,35-44,20,1,1,17,15,7,26,1,0,8,5,0.75,GrabPay,Power User,0.4,7.0,22,0.75,Mart,71.2,17.1,0,84.3,406.44,2967.8,High-Value,1,0.18,0.1,0.34,1,High-Risk,0.23,8.8,14.6,5.8,0.16,4,2.7,59.4,1,0.35,Moderately Sensitive,8.44,1.18,10.61,0.07,1,2,0.15,-1.05,64.0,1.8,Monitor with standard nudges
GRB100189,Vietnam,Hanoi,35-44,16,1,1,1,0,0,3,0,0,2,2,0.34,GrabPay,At-Risk Single-App User,0.23,1.1,64,0.29,GrabPay,51.8,70.0,1,53.8,8.75,106.83,Low-Value,0,0.78,0.22,0.43,0,High-Risk,0.26,11.0,19.3,8.3,0.22,6,4.7,56.7,1,0.44,Moderately Sensitive,3.81,1.38,5.9,0.08,1,2,0.14,-1.14,78.8,1.8,Assign Reliable driver + auto-refund trigger
GRB100190,Malaysia,Kuala Lumpur,45-54,17,1,1,10,10,2,20,1,1,4,6,1.0,GrabPay,Power User,0.3,6.5,7,0.68,Mart,67.1,1.0,0,73.1,197.6,1804.83,High-Value,1,0.23,0.22,0.44,0,High-Risk,0.2,9.1,11.5,2.4,0.22,2,0.4,47.0,0,0.16,Moderately Sensitive,3.78,1.25,5.63,0.09,1,3,0.18,-0.96,78.3,1.8,Monitor with standard nudges
GRB100191,Cambodia,Phnom Penh,35-44,22,0,0,11,0,0,4,0,0,4,2,0.37,Mobility,Ride Specialist,0.04,3.4,27,0.18,Food,32.7,38.1,0,65.7,61.69,413.46,Low-Value,0,0.53,0.15,0.56,1,Average,0.17,10.5,18.0,7.5,0.16,5,5.2,47.9,0,0.08,Moderately Sensitive,3.08,1.45,5.12,0.3,1,2,0.25,-1.11,67.4,1.8,Monitor with standard nudges
GRB100192,Malaysia,Penang,35-44,27,1,1,3,3,1,3,1,1,0,6,1.0,Finance,At-Risk Single-App User,0.2,1.9,35,0.21,GrabPay,45.5,25.9,0,79.0,65.37,779.6,Low-Value,1,0.3,0.27,0.35,0,Average,0.12,7.8,12.8,5.0,0.1,5,5.7,53.5,0,0.13,Highly Sensitive,4.2,1.31,6.15,0.21,1,2,0.19,-1.71,70.7,1.5,Surge cap + fare explanation
GRB100193,Singapore,Singapore Fringe,18-24,19,1,1,21,1,1,7,0,0,1,4,0.65,Mobility,Ride Specialist,0.38,5.8,1,0.39,Food,49.7,1.0,0,89.4,274.64,2216.53,High-Value,1,0.43,0.32,0.23,0,Reliable,0.12,6.7,8.8,2.1,0.12,2,0.0,35.7,0,0.13,Moderately Sensitive,8.55,1.34,11.9,0.06,3,0,0.03,-1.09,75.2,1.8,Monitor with standard nudges
GRB100194,Philippines,Davao,25-34,17,1,1,2,22,5,5,1,0,3,5,0.91,Food,Food Specialist,0.26,7.0,12,0.39,Mobility,46.9,17.8,0,74.9,270.24,2075.79,High-Value,1,0.31,0.22,0.62,0,Average,0.17,9.2,15.7,6.5,0.2,4,2.8,60.5,1,0.24,Convenience-First,3.62,1.41,5.51,0.21,1,1,0.09,-0.54,71.3,2.2,Monitor with standard nudges
GRB100195,Malaysia,Penang,35-44,23,1,1,4,18,3,4,1,1,3,6,1.0,Food,Food Specialist,0.21,6.8,22,0.38,Mobility,46.2,1.0,0,92.8,216.39,1983.21,High-Value,1,0.52,0.15,0.18,0,Reliable,0.06,6.9,9.0,2.1,0.12,1,1.1,45.1,0,0.1,Convenience-First,4.18,1.34,5.85,0.1,0,1,0.08,-0.46,87.1,2.2,Monitor with standard nudges
GRB100196,Malaysia,Kuala Lumpur,45-54,2,1,1,8,0,0,4,1,1,1,4,0.7,Mobility,Ride Specialist,0.32,5.0,31,0.17,Food,30.7,51.8,0,83.8,72.65,619.1,Low-Value,1,0.44,0.14,0.44,1,Average,0.14,9.5,14.0,4.5,0.15,3,2.3,55.0,1,0.28,Highly Sensitive,3.85,1.31,5.99,0.07,3,2,0.15,-1.62,73.3,1.5,Surge cap + fare explanation
GRB100197,Thailand,Pattaya,18-24,27,1,1,8,8,0,2,0,0,5,3,0.48,Mobility,Promo Opportunist,0.58,4.0,5,0.21,GrabPay,41.9,21.7,0,84.4,87.67,720.86,Low-Value,0,0.34,0.07,0.4,0,Average,0.11,9.2,12.5,3.3,0.14,5,2.8,51.9,0,0.06,Highly Sensitive,3.81,1.32,5.57,0.13,2,1,0.11,-1.43,73.9,1.5,Surge cap + fare explanation
GRB100198,Philippines,Cebu,25-34,22,1,1,3,4,1,2,0,0,2,4,0.69,Food,At-Risk Single-App User,0.26,3.0,40,0.33,Mobility,35.0,34.2,0,74.8,49.65,449.21,Low-Value,1,0.23,0.08,0.48,0,High-Risk,0.21,9.9,18.0,8.1,0.21,3,3.4,52.9,0,0.22,Moderately Sensitive,3.48,1.32,5.39,0.2,2,2,0.17,-1.0,60.1,1.8,Monitor with standard nudges
GRB100199,Malaysia,Kuala Lumpur,35-44,22,0,0,0,1,0,1,0,0,1,2,0.28,Food,At-Risk Single-App User,0.24,2.1,48,0.33,Mobility,39.4,50.7,0,72.3,6.59,95.34,Low-Value,0,0.47,0.11,0.52,0,Average,0.19,9.9,14.1,4.2,0.15,2,2.1,61.9,1,0.33,Highly Sensitive,4.09,1.27,5.45,0.13,0,1,0.06,-1.48,82.8,1.5,Surge cap + fare explanation
GRB100200,Indonesia,Surabaya,18-24,33,0,0,21,2,1,7,1,0,4,5,0.81,Mobility,Ride Specialist,0.09,6.3,7,0.31,Food,37.0,1.0,0,85.6,134.75,1242.89,Mid-Value,1,0.2,0.1,0.42,0,Average,0.19,8.9,12.7,3.8,0.14,5,2.3,51.1,0,0.1,Moderately Sensitive,2.78,1.29,3.89,0.08,2,0,0.04,-0.92,80.5,1.8,Monitor with standard nudges
GRB100201,Philippines,Metro Manila,25-34,2,1,1,4,23,2,2,1,1,5,6,0.95,Food,Food Specialist,0.23,6.8,22,0.41,Mobility,56.8,35.4,0,75.4,188.9,1467.08,Mid-Value,1,0.5,0.23,0.46,1,High-Risk,0.27,9.0,17.7,8.7,0.2,5,3.1,67.9,1,0.4,Moderately Sensitive,3.69,1.32,6.07,0.17,3,3,0.23,-0.88,56.2,1.8,Monitor with standard nudges
GRB100202,Myanmar,Yangon,45-54,2,1,1,17,0,0,5,1,0,1,3,0.48,Mobility,Ride Specialist,0.31,3.4,26,0.29,Food,32.7,65.7,1,74.2,122.0,826.2,Low-Value,0,0.89,0.32,0.6,1,Average,0.21,11.0,17.7,6.7,0.18,6,4.1,70.9,1,0.29,Moderately Sensitive,2.81,1.61,5.72,0.2,3,3,0.19,-0.97,59.6,1.8,Retention offer on primary service
GRB100203,Indonesia,Surabaya,35-44,25,1,1,8,1,1,2,1,0,2,5,0.88,Mobility,Ride Specialist,0.38,3.0,15,0.28,Food,55.5,14.1,0,81.8,69.8,747.55,Low-Value,1,0.66,0.07,0.51,0,Average,0.17,10.7,15.3,4.6,0.19,3,1.4,44.4,0,0.02,Moderately Sensitive,3.1,1.39,4.71,0.14,1,1,0.12,-1.02,71.0,1.8,Monitor with standard nudges
GRB100204,Malaysia,Johor Bahru,25-34,22,1,1,15,3,1,4,1,1,2,6,0.98,Mobility,Ride Specialist,0.4,4.2,5,0.47,Food,44.4,7.2,0,91.4,149.38,1382.12,Mid-Value,1,0.55,0.21,0.34,0,Average,0.14,8.5,14.6,6.1,0.15,3,0.9,47.8,0,0.1,Highly Sensitive,4.04,1.48,6.43,0.19,3,0,0.05,-1.49,73.8,1.5,Surge cap + fare explanation
GRB100205,Singapore,Singapore Fringe,45-54,24,1,1,2,3,0,19,2,0,2,4,0.7,GrabPay,Payments Ecosystem User,0.25,0.8,10,0.28,Mart,37.8,1.0,0,89.6,113.31,1181.58,Mid-Value,1,0.4,0.06,0.18,0,Reliable,0.11,7.8,12.8,5.0,0.1,2,4.2,49.8,0,0.04,Moderately Sensitive,10.67,1.19,12.7,0.06,0,0,0.0,-1.23,83.3,1.8,Monitor with standard nudges
GRB100206,Malaysia,Johor Bahru,25-34,17,0,0,3,1,0,2,1,1,2,5,0.89,Finance,At-Risk Single-App User,0.25,1.5,38,0.25,GrabPay,21.9,21.5,0,91.0,43.11,578.56,Low-Value,1,0.07,0.14,0.31,0,Average,0.12,5.7,9.5,3.8,0.04,2,1.6,24.1,0,0.06,Highly Sensitive,3.36,1.18,4.52,0.04,2,1,0.09,-1.73,76.7,1.5,Surge cap + fare explanation
GRB100207,Singapore,Singapore Fringe,45-54,29,1,1,9,7,1,5,0,0,4,4,0.67,Mobility,Promo Opportunist,0.56,3.9,10,0.42,Finance,58.7,8.2,0,78.6,159.16,1307.47,Mid-Value,1,0.18,0.1,0.41,0,Average,0.18,6.8,10.5,3.7,0.23,2,2.1,54.8,0,0.17,Moderately Sensitive,8.14,1.27,10.64,0.1,2,0,0.0,-1.16,82.9,1.8,Monitor with standard nudges
GRB100208,Vietnam,Ho Chi Minh City,25-34,32,0,0,1,21,5,3,1,1,4,6,1.0,Food,Food Specialist,0.33,7.0,5,0.44,Mobility,40.9,1.0,0,85.8,268.56,2333.13,High-Value,1,0.65,0.25,0.47,0,Average,0.21,10.6,16.0,5.4,0.17,4,2.5,54.3,0,0.07,Convenience-First,3.22,1.44,5.18,0.2,2,1,0.13,-0.57,72.8,2.2,Monitor with standard nudges
GRB100209,Singapore,Singapore Core,35-44,27,1,1,0,18,1,7,0,1,1,4,0.69,Food,Food Specialist,0.21,5.9,16,0.49,Mobility,51.2,8.2,0,80.7,143.9,1283.42,Mid-Value,1,0.28,0.1,0.35,0,Average,0.1,8.8,14.2,5.4,0.17,4,3.4,61.5,1,0.23,Convenience-First,10.08,1.31,13.35,0.13,1,0,0.05,-0.42,83.3,2.2,Monitor with standard nudges
GRB100210,Indonesia,Bandung,25-34,19,0,0,2,11,5,4,1,0,3,5,0.84,Food,Food Specialist,0.29,4.2,16,0.53,Mobility,36.6,8.5,0,75.8,162.39,1403.4,Mid-Value,1,0.29,0.3,0.46,0,Average,0.15,7.4,11.1,3.7,0.12,2,4.0,33.8,0,0.13,Moderately Sensitive,2.64,1.29,4.61,0.14,3,3,0.25,-1.03,66.5,1.8,Monitor with standard nudges
GRB100211,Vietnam,Ho Chi Minh City,25-34,2,1,0,4,22,2,4,0,1,3,5,0.86,Food,Food Specialist,0.25,6.8,21,0.38,Mobility,30.9,32.3,0,80.5,215.07,1607.46,Mid-Value,1,0.39,0.15,0.41,1,Average,0.14,9.3,13.2,3.9,0.12,2,2.8,58.8,1,0.22,Convenience-First,3.22,1.34,5.22,0.15,1,3,0.22,-0.44,81.6,2.2,Monitor with standard nudges
GRB100212,Thailand,Pattaya,45-54,30,1,1,0,20,2,3,1,1,2,5,0.91,Food,Food Specialist,0.46,4.0,12,0.47,Mobility,59.4,1.0,0,89.6,139.47,1312.9,Mid-Value,1,0.23,0.1,0.57,0,Average,0.15,8.2,10.0,1.8,0.09,0,0.0,34.6,0,0.06,Moderately Sensitive,3.7,1.25,4.63,0.08,0,0,0.0,-1.26,81.8,1.8,Monitor with standard nudges
GRB100213,Malaysia,Johor Bahru,18-24,35,1,1,20,10,5,14,1,0,5,5,0.81,Mobility,Power User,0.35,7.0,1,0.69,Mart,68.6,1.0,0,87.2,293.19,2444.27,High-Value,1,0.2,0.08,0.36,0,Average,0.13,7.6,9.7,2.1,0.14,3,1.2,37.5,0,0.13,Moderately Sensitive,3.97,1.3,6.41,0.14,5,2,0.09,-1.06,65.8,1.8,Monitor with standard nudges
GRB100214,Philippines,Metro Manila,18-24,29,0,0,19,10,7,20,1,1,6,6,0.96,GrabPay,Power User,0.1,7.0,1,0.61,Mart,55.6,1.0,0,87.8,288.18,2559.64,High-Value,1,0.41,0.26,0.47,0,Average,0.23,10.5,14.5,4.0,0.18,2,1.8,41.5,0,0.08,Moderately Sensitive,3.99,1.3,5.74,0.16,2,1,0.07,-1.11,70.2,1.8,Monitor with standard nudges
GRB100215,Vietnam,Da Nang,25-34,12,1,1,3,3,0,22,2,0,2,4,0.63,GrabPay,Payments Ecosystem User,0.26,3.5,7,0.39,Mart,52.5,1.0,0,91.8,103.56,1078.86,Mid-Value,1,0.26,0.29,0.55,0,Average,0.14,9.7,14.0,4.3,0.13,3,2.3,39.9,0,0.02,Convenience-First,3.37,1.45,5.14,0.19,0,1,0.06,-0.47,74.4,2.2,Monitor with standard nudges
GRB100216,Vietnam,Da Nang,35-44,29,0,0,1,15,3,3,1,0,3,5,0.87,Food,Food Specialist,0.24,4.6,10,0.44,Mobility,22.8,27.7,0,80.8,138.99,1233.43,Mid-Value,1,0.29,0.21,0.4,1,Average,0.15,9.0,15.3,6.3,0.11,5,1.5,55.9,1,0.28,Highly Sensitive,2.98,1.3,4.92,0.12,2,3,0.27,-1.73,61.2,1.5,Surge cap + fare explanation
GRB100217,Singapore,Singapore Core,35-44,31,1,1,1,3,2,26,2,1,1,6,1.0,GrabPay,Payments Ecosystem User,0.38,3.8,6,0.4,Mart,43.3,1.0,0,84.1,106.98,1211.86,Mid-Value,1,0.28,0.45,0.26,0,Average,0.16,9.5,15.0,5.5,0.18,5,4.1,42.9,0,0.06,Moderately Sensitive,9.25,1.18,11.76,0.11,4,1,0.12,-1.03,74.3,1.8,Monitor with standard nudges
GRB100218,Singapore,Singapore Core,55+,39,0,0,13,2,1,5,1,0,0,5,0.81,Mobility,Ride Specialist,0.17,3.2,6,0.27,Food,35.0,1.0,0,87.6,213.13,1869.35,High-Value,1,0.51,0.35,0.31,0,Average,0.16,7.8,11.8,4.0,0.18,1,0.8,51.4,0,0.14,Moderately Sensitive,8.2,1.4,12.18,0.13,3,1,0.11,-1.15,66.9,1.8,Monitor with standard nudges
GRB100219,Cambodia,Siem Reap,25-34,12,1,1,0,17,4,3,1,1,2,5,0.75,Food,Food Specialist,0.3,4.5,18,0.38,Mobility,45.5,5.1,0,76.8,148.96,1474.89,Mid-Value,1,0.38,0.14,0.58,0,Average,0.17,8.3,11.6,3.3,0.23,3,4.0,48.6,0,0.06,Convenience-First,2.85,1.31,4.28,0.22,2,1,0.09,-0.58,73.6,2.2,Monitor with standard nudges
GRB100220,Indonesia,Bandung,25-34,20,1,1,11,2,1,2,0,0,2,4,0.64,Mobility,Ride Specialist,0.36,5.0,12,0.33,Food,43.3,7.2,0,68.4,67.73,585.9,Low-Value,1,0.39,0.14,0.5,0,Average,0.14,8.3,14.1,5.8,0.13,4,4.7,41.9,0,0.12,Moderately Sensitive,2.76,1.38,4.3,0.11,0,2,0.15,-0.95,68.4,1.8,Monitor with standard nudges
GRB100221,Indonesia,Jakarta,18-24,30,0,0,10,3,0,3,0,1,1,4,0.69,Mobility,Ride Specialist,0.19,5.8,20,0.28,Food,23.5,30.5,0,80.4,66.33,547.71,Low-Value,1,0.53,0.29,0.65,0,Average,0.19,10.1,16.4,6.3,0.21,4,2.7,55.3,1,0.33,Highly Sensitive,3.03,1.41,4.57,0.17,2,0,0.06,-1.46,74.6,1.5,Surge cap + fare explanation
GRB100222,Indonesia,Surabaya,25-34,23,1,1,21,11,7,13,1,1,7,6,1.0,Mobility,Power User,0.2,7.0,11,0.68,Mart,67.3,1.0,0,86.9,253.88,2216.08,High-Value,1,0.39,0.08,0.51,0,Average,0.17,6.5,10.5,4.0,0.13,1,2.3,47.3,0,0.05,Convenience-First,2.54,1.4,3.96,0.14,1,1,0.11,-0.69,78.8,2.2,Monitor with standard nudges
GRB100223,Vietnam,Ho Chi Minh City,55+,10,1,1,15,6,7,17,2,1,7,6,1.0,GrabPay,Power User,0.23,7.0,7,0.51,Mart,57.9,1.0,0,78.8,228.34,2160.01,High-Value,1,0.37,0.32,0.27,0,Average,0.16,7.6,11.8,4.2,0.14,3,1.3,42.0,0,0.07,Moderately Sensitive,3.27,1.19,4.99,0.16,4,2,0.16,-1.08,78.1,1.8,Monitor with standard nudges
GRB100224,Myanmar,Mandalay,35-44,27,1,1,5,5,1,10,1,1,5,6,0.98,GrabPay,Payments Ecosystem User,0.32,1.5,16,0.44,Mart,53.6,7.1,0,83.0,92.4,954.66,Low-Value,1,0.5,0.22,0.64,0,Average,0.19,9.6,15.7,6.1,0.19,4,3.5,56.5,1,0.28,Convenience-First,2.32,1.51,3.75,0.23,0,1,0.08,-0.72,68.4,2.2,Monitor with standard nudges
GRB100225,Indonesia,Surabaya,35-44,28,1,1,16,2,0,4,1,1,1,5,0.87,Mobility,Ride Specialist,0.4,3.1,16,0.31,Food,41.3,22.5,0,69.0,124.33,1147.94,Mid-Value,1,0.54,0.21,0.48,0,Average,0.2,10.4,14.0,3.6,0.2,6,3.1,53.9,0,0.05,Moderately Sensitive,3.08,1.46,5.15,0.2,1,2,0.23,-1.28,71.2,1.8,Monitor with standard nudges
GRB100226,Cambodia,Phnom Penh,25-34,23,1,1,3,5,0,3,0,0,7,3,0.51,Food,Promo Opportunist,0.75,3.2,26,0.26,Mobility,42.3,37.3,0,68.7,47.95,421.79,Low-Value,0,0.39,0.26,0.58,0,Average,0.19,9.8,14.8,5.0,0.23,4,1.8,62.9,1,0.27,Highly Sensitive,2.62,1.31,4.23,0.11,2,2,0.15,-1.72,69.3,1.5,Surge cap + fare explanation
GRB100227,Singapore,Singapore Fringe,45-54,24,1,1,4,23,1,2,0,0,5,4,0.69,Food,Food Specialist,0.36,6.7,5,0.51,Mobility,47.5,3.8,0,84.4,203.29,1731.17,Mid-Value,1,0.43,0.39,0.33,0,Average,0.16,7.7,15.5,7.8,0.19,6,3.3,54.5,0,0.07,Moderately Sensitive,8.77,1.3,11.85,0.13,3,0,0.07,-0.99,71.9,1.8,Monitor with standard nudges
GRB100228,Thailand,Pattaya,25-34,19,1,1,0,8,5,8,0,0,3,3,0.51,Food,Food Specialist,0.32,3.0,2,0.22,Mobility,43.1,17.1,0,74.0,101.47,846.29,Low-Value,0,0.28,0.2,0.44,0,Average,0.13,9.0,13.3,4.3,0.12,1,1.4,38.1,0,0.07,Moderately Sensitive,4.04,1.32,6.24,0.12,1,3,0.1,-0.99,66.4,1.8,Monitor with standard nudges
GRB100229,Thailand,Pattaya,18-24,38,0,0,2,23,3,1,0,1,3,5,0.85,Food,Food Specialist,0.24,7.0,1,0.4,Mobility,23.5,7.8,0,86.9,169.68,1473.77,Mid-Value,1,0.27,0.22,0.44,0,Average,0.14,9.1,12.3,3.2,0.18,2,1.9,47.2,0,0.08,Highly Sensitive,3.89,1.32,5.43,0.13,2,0,0.06,-1.44,82.9,1.5,Surge cap + fare explanation
GRB100230,Singapore,Singapore Core,25-34,12,1,1,16,3,1,2,0,1,2,5,0.85,Mobility,Ride Specialist,0.25,5.6,18,0.33,Food,36.2,37.1,0,69.7,256.69,1804.4,High-Value,1,0.56,0.36,0.36,0,High-Risk,0.26,8.2,16.5,8.3,0.23,6,4.5,63.8,1,0.38,Highly Sensitive,10.31,1.2,13.73,0.0,4,3,0.23,-1.51,66.3,1.5,Surge cap + fare explanation
GRB100231,Malaysia,Kuala Lumpur,18-24,16,1,1,3,2,0,24,2,1,2,5,0.8,GrabPay,Payments Ecosystem User,0.29,3.4,1,0.44,Mart,51.4,4.4,0,67.7,90.19,1065.47,Mid-Value,1,0.5,0.35,0.34,0,High-Risk,0.26,8.2,15.2,7.0,0.21,6,2.8,47.5,0,0.21,Convenience-First,4.74,1.61,8.92,0.32,2,4,0.28,-0.56,66.1,2.2,Monitor with standard nudges
GRB100232,Indonesia,Jakarta,18-24,22,1,1,0,0,0,2,1,1,0,3,0.51,Finance,At-Risk Single-App User,0.23,1.6,58,0.28,GrabPay,50.6,50.6,0,65.6,21.62,330.48,Low-Value,0,0.5,0.19,0.4,0,High-Risk,0.24,6.6,12.0,5.4,0.19,2,3.9,46.5,0,0.18,Highly Sensitive,2.85,1.39,4.46,0.18,0,2,0.13,-1.63,73.2,1.5,Surge cap + fare explanation
GRB100233,Myanmar,Yangon,18-24,32,1,1,7,4,0,3,0,0,3,3,0.53,Mobility,Promo Opportunist,0.52,4.9,15,0.32,Food,34.9,29.1,0,73.1,75.82,545.53,Low-Value,0,0.47,0.23,0.85,0,Average,0.18,9.9,15.4,5.5,0.2,4,1.6,54.0,0,0.06,Highly Sensitive,2.91,1.53,5.25,0.32,2,2,0.14,-1.69,60.5,1.5,Surge cap + fare explanation
GRB100234,Thailand,Bangkok,25-34,6,1,1,1,16,2,5,0,1,1,5,0.88,Food,Food Specialist,0.33,5.3,14,0.41,Mobility,42.2,20.4,0,72.9,146.89,1191.7,Mid-Value,1,0.43,0.2,0.38,1,Average,0.13,7.8,13.6,5.8,0.19,2,3.8,57.3,1,0.26,Moderately Sensitive,3.43,1.31,5.29,0.19,2,2,0.13,-1.21,67.3,1.8,Monitor with standard nudges
GRB100235,Cambodia,Siem Reap,35-44,8,0,0,8,12,3,22,1,1,8,6,1.0,GrabPay,Power User,0.19,6.0,3,0.49,Mart,43.3,1.0,0,84.9,165.39,1586.53,Mid-Value,1,0.55,0.22,0.59,0,Average,0.15,10.2,14.7,4.5,0.18,3,1.5,46.8,0,0.08,Convenience-First,3.12,1.36,5.19,0.15,3,2,0.16,-0.59,66.9,2.2,Monitor with standard nudges
GRB100236,Philippines,Davao,25-34,2,0,0,1,2,2,20,1,0,4,5,0.79,GrabPay,Payments Ecosystem User,0.24,3.6,16,0.48,Mart,49.9,8.9,0,84.6,89.68,914.39,Low-Value,1,0.59,0.02,0.39,1,Average,0.15,8.3,12.2,3.9,0.14,4,2.9,54.7,0,0.06,Moderately Sensitive,3.56,1.39,5.34,0.22,1,1,0.13,-1.0,77.1,1.8,Monitor with standard nudges
GRB100237,Indonesia,Bandung,25-34,22,1,1,21,1,0,6,0,0,3,3,0.47,Mobility,Ride Specialist,0.34,4.9,1,0.4,Food,52.8,8.8,0,84.5,91.49,685.25,Low-Value,0,0.58,0.0,0.49,0,Average,0.13,9.2,12.3,3.1,0.13,2,1.7,33.5,0,0.09,Moderately Sensitive,2.79,1.31,3.81,0.07,1,0,0.03,-1.07,76.0,1.8,Monitor with standard nudges
GRB100238,Philippines,Metro Manila,55+,10,1,1,10,15,4,27,1,1,3,6,0.98,GrabPay,Power User,0.32,7.0,1,0.65,Mart,66.3,1.0,0,95.7,289.27,2502.98,High-Value,1,0.4,0.07,0.44,0,Average,0.13,7.5,11.3,3.8,0.21,3,2.2,41.0,0,0.01,Convenience-First,3.73,1.42,5.85,0.24,2,1,0.13,-0.18,66.9,2.2,Monitor with standard nudges
GRB100239,Singapore,Singapore Core,35-44,18,1,1,8,2,1,6,0,0,2,4,0.67,Mobility,Ride Specialist,0.34,4.1,1,0.32,Food,46.2,1.0,0,86.3,134.82,1166.35,Mid-Value,1,0.67,0.06,0.27,0,Reliable,0.09,9.2,11.2,2.0,0.13,1,2.7,36.0,0,0.05,Moderately Sensitive,10.04,1.33,13.51,0.11,1,0,0.03,-1.21,79.6,1.8,Monitor with standard nudges
GRB100240,Singapore,Singapore Fringe,25-34,29,1,1,3,2,1,3,1,1,2,6,1.0,Finance,At-Risk Single-App User,0.3,3.1,41,0.19,GrabPay,32.5,17.4,0,86.6,80.37,917.98,Low-Value,1,0.46,0.1,0.39,0,Average,0.13,9.3,12.3,3.0,0.11,1,3.3,39.0,0,0.07,Highly Sensitive,9.67,1.33,12.86,0.08,0,0,0.01,-1.55,86.0,1.5,Surge cap + fare explanation
GRB100241,Philippines,Metro Manila,25-34,15,1,1,6,8,2,3,0,0,6,4,0.62,Food,Promo Opportunist,0.65,5.2,22,0.36,GrabPay,46.7,29.3,0,68.0,100.42,848.41,Low-Value,1,0.53,0.26,0.55,0,High-Risk,0.28,10.3,20.0,9.7,0.24,7,5.1,58.4,1,0.35,Highly Sensitive,3.81,1.35,5.79,0.14,1,2,0.2,-1.86,74.3,1.5,Surge cap + fare explanation
GRB100242,Philippines,Cebu,45-54,25,1,1,7,9,3,3,0,0,3,4,0.62,Food,Promo Opportunist,0.56,7.0,19,0.53,GrabPay,49.9,13.7,0,71.4,114.18,954.76,Low-Value,1,0.47,0.16,0.56,0,Average,0.19,9.7,14.7,5.0,0.18,3,2.1,48.5,0,0.15,Highly Sensitive,3.7,1.45,6.01,0.29,1,2,0.11,-1.7,72.3,1.5,Surge cap + fare explanation
GRB100243,Malaysia,Johor Bahru,25-34,19,1,0,2,1,0,0,1,1,1,4,0.58,Finance,At-Risk Single-App User,0.33,2.9,50,0.17,GrabPay,29.5,32.6,0,82.3,39.45,477.75,Low-Value,1,0.46,0.2,0.24,0,Reliable,0.08,6.3,9.5,3.2,0.09,1,2.0,34.7,0,0.08,Highly Sensitive,4.31,1.2,5.72,0.07,2,1,0.09,-1.59,80.2,1.5,Surge cap + fare explanation
GRB100244,Thailand,Bangkok,25-34,29,1,1,15,0,1,1,1,1,4,5,0.71,Mobility,Ride Specialist,0.35,3.1,11,0.39,Food,39.8,15.3,0,78.7,119.85,1060.25,Mid-Value,1,0.29,0.03,0.59,0,Average,0.15,8.4,13.1,4.7,0.14,2,1.4,46.3,0,0.09,Highly Sensitive,3.73,1.47,6.14,0.3,1,2,0.09,-1.46,66.2,1.5,Surge cap + fare explanation
GRB100245,Thailand,Bangkok,45-54,27,1,1,2,1,0,25,1,1,1,5,0.83,GrabPay,Payments Ecosystem User,0.25,3.5,21,0.41,Mart,53.8,4.8,0,73.8,72.85,873.43,Low-Value,1,0.55,0.12,0.34,0,Average,0.17,8.5,14.0,5.5,0.16,1,0.9,49.9,0,0.06,Moderately Sensitive,4.05,1.51,6.86,0.22,0,3,0.15,-1.07,69.6,1.8,Monitor with standard nudges
GRB100246,Philippines,Metro Manila,25-34,14,1,1,0,11,4,5,0,1,4,4,0.76,Food,Food Specialist,0.3,4.2,13,0.56,Mobility,56.4,35.3,0,69.1,129.3,938.62,Low-Value,1,0.93,0.25,0.63,0,High-Risk,0.28,11.4,19.3,7.9,0.3,4,1.8,65.0,1,0.38,Highly Sensitive,4.11,1.71,7.67,0.43,1,2,0.1,-1.56,55.4,1.5,Surge cap + fare explanation
GRB100247,Thailand,Bangkok,35-44,20,1,1,6,7,0,1,0,0,6,3,0.57,Food,Promo Opportunist,0.57,4.2,5,0.22,GrabPay,42.1,39.9,0,72.2,85.11,643.18,Low-Value,0,0.35,0.25,0.52,1,Average,0.15,9.1,13.9,4.8,0.13,4,2.5,62.1,1,0.21,Highly Sensitive,4.04,1.45,6.8,0.18,3,2,0.15,-1.71,61.4,1.5,Surge cap + fare explanation
GRB100248,Indonesia,Jakarta,35-44,33,1,1,9,11,2,24,1,0,6,5,0.79,GrabPay,Power User,0.26,4.6,16,0.75,Mart,53.8,21.1,0,65.8,155.44,1347.0,Mid-Value,1,0.43,0.09,0.53,0,High-Risk,0.28,10.9,17.2,6.3,0.21,4,3.1,59.9,1,0.37,Convenience-First,2.58,1.41,4.69,0.2,2,3,0.26,-0.69,67.0,2.2,Monitor with standard nudges
GRB100249,Indonesia,Bandung,35-44,26,1,1,2,3,0,14,2,1,2,5,0.84,GrabPay,Payments Ecosystem User,0.21,3.0,5,0.36,Mart,43.3,8.1,0,80.4,79.98,894.51,Low-Value,1,0.34,0.2,0.41,0,Average,0.17,9.3,14.1,4.8,0.15,5,1.3,42.6,0,0.04,Highly Sensitive,2.89,1.39,4.52,0.19,0,2,0.17,-1.57,67.9,1.5,Surge cap + fare explanation
GRB100250,Indonesia,Surabaya,25-34,7,1,1,18,2,1,5,1,0,1,5,0.77,Mobility,Ride Specialist,0.4,5.0,9,0.29,Food,52.8,1.9,0,78.8,136.32,1303.13,Mid-Value,1,0.33,0.44,0.49,0,Average,0.18,7.7,13.1,5.4,0.18,3,2.5,52.7,0,0.07,Moderately Sensitive,2.7,1.36,5.18,0.19,5,3,0.22,-1.13,62.4,1.8,Monitor with standard nudges
GRB100251,Vietnam,Da Nang,25-34,29,1,1,15,16,6,11,1,1,3,6,0.95,Food,Power User,0.39,7.0,11,0.68,Mart,60.3,17.1,0,78.3,275.25,2263.43,High-Value,1,0.7,0.18,0.42,0,Average,0.19,10.6,15.2,4.6,0.24,4,4.4,55.1,1,0.16,Highly Sensitive,3.4,1.3,5.52,0.14,4,2,0.23,-1.57,70.3,1.5,Surge cap + fare explanation
GRB100252,Philippines,Davao,25-34,10,1,1,4,20,5,1,1,1,4,6,0.95,Food,Food Specialist,0.34,7.0,5,0.41,Mobility,53.0,1.0,0,92.1,259.84,2333.1,High-Value,1,0.3,0.1,0.51,0,Average,0.11,9.5,11.8,2.3,0.16,3,3.7,51.3,0,0.03,Moderately Sensitive,3.94,1.41,5.81,0.15,0,1,0.11,-0.99,79.4,1.8,Monitor with standard nudges
GRB100253,Indonesia,Bandung,18-24,38,1,1,19,10,5,22,2,1,4,6,0.99,GrabPay,Power User,0.46,7.0,13,0.64,Mart,54.3,1.5,0,89.0,258.02,2259.22,High-Value,1,0.33,0.21,0.46,0,Average,0.18,7.7,12.1,4.4,0.2,0,0.9,47.6,0,0.14,Highly Sensitive,2.81,1.4,4.34,0.23,1,1,0.05,-1.64,76.4,1.5,Surge cap + fare explanation
GRB100254,Malaysia,Kuala Lumpur,45-54,33,1,1,21,6,4,20,1,0,6,5,0.83,Mobility,Power User,0.28,7.0,23,0.51,Mart,52.1,24.1,0,86.1,249.35,1840.86,High-Value,1,0.13,0.19,0.22,1,Reliable,0.07,7.6,9.0,1.4,0.07,1,0.5,41.9,0,0.11,Highly Sensitive,3.9,1.17,5.52,0.13,3,2,0.11,-1.56,75.9,1.5,Surge cap + fare explanation
GRB100255,Malaysia,Kuala Lumpur,25-34,25,0,0,6,3,1,1,0,0,7,4,0.68,Mobility,Promo Opportunist,0.74,3.5,3,0.35,Food,27.9,15.9,0,85.9,60.78,522.01,Low-Value,1,0.28,0.16,0.47,1,High-Risk,0.26,8.3,12.5,4.2,0.22,4,3.4,58.7,1,0.43,Highly Sensitive,4.21,1.19,5.56,0.02,2,1,0.11,-1.94,80.0,1.5,Surge cap + fare explanation
GRB100256,Vietnam,Da Nang,25-34,24,0,0,13,2,1,6,0,1,0,5,0.86,Mobility,Ride Specialist,0.16,4.8,2,0.34,Food,36.5,1.0,0,84.5,85.75,905.28,Low-Value,1,0.11,0.18,0.45,0,Average,0.15,6.1,10.3,4.2,0.11,4,0.6,52.4,0,0.14,Highly Sensitive,2.47,1.18,4.02,0.0,4,2,0.14,-1.41,72.4,1.5,Surge cap + fare explanation
GRB100257,Philippines,Metro Manila,35-44,20,1,0,1,1,0,27,1,1,3,5,0.82,GrabPay,Payments Ecosystem User,0.32,1.5,12,0.35,Mart,41.8,7.5,0,74.5,57.25,741.97,Low-Value,1,0.53,0.01,0.47,0,High-Risk,0.25,10.0,17.8,7.8,0.23,6,4.7,68.9,1,0.41,Moderately Sensitive,3.5,1.19,4.66,0.08,0,2,0.16,-1.13,73.9,1.8,Monitor with standard nudges
GRB100258,Singapore,Singapore Core,35-44,29,1,1,8,1,0,4,1,1,1,5,0.83,Mobility,Ride Specialist,0.27,4.4,16,0.21,Food,42.9,15.6,0,81.8,161.63,1308.07,Mid-Value,1,0.92,0.06,0.27,0,Reliable,0.1,10.3,16.6,6.3,0.11,2,2.0,47.1,0,0.06,Moderately Sensitive,10.13,1.51,16.25,0.24,3,2,0.17,-0.93,63.5,1.8,Monitor with standard nudges
GRB100259,Singapore,Singapore Fringe,25-34,18,1,1,8,7,1,2,0,0,3,4,0.62,Mobility,Promo Opportunist,0.65,4.4,14,0.28,GrabPay,38.8,19.1,0,80.4,110.91,886.33,Low-Value,1,0.35,0.16,0.34,0,High-Risk,0.24,7.8,14.0,6.2,0.24,6,5.4,55.3,1,0.34,Moderately Sensitive,7.0,1.14,8.23,0.02,0,1,0.16,-1.03,79.7,1.8,Monitor with standard nudges
GRB100260,Thailand,Pattaya,25-34,25,0,0,4,20,2,6,1,1,1,6,0.95,Food,Food Specialist,0.25,6.3,3,0.41,Mobility,36.6,1.0,0,90.9,168.56,1643.79,Mid-Value,1,0.12,0.16,0.37,0,Average,0.13,7.3,10.2,2.9,0.12,2,0.5,43.5,0,0.13,Highly Sensitive,3.3,1.22,4.43,0.1,1,1,0.04,-1.54,88.5,1.5,Surge cap + fare explanation
GRB100261,Malaysia,Johor Bahru,55+,32,1,1,9,11,3,5,0,0,9,4,0.61,Food,Promo Opportunist,0.61,7.0,16,0.64,Finance,62.2,13.8,0,76.5,170.04,1337.69,Mid-Value,1,0.58,0.11,0.2,0,Reliable,0.1,7.5,8.7,1.2,0.09,0,2.4,31.2,0,0.08,Highly Sensitive,4.54,1.24,6.28,0.06,1,2,0.1,-1.8,77.9,1.5,Surge cap + fare explanation
GRB100262,Philippines,Davao,35-44,16,0,0,3,8,3,2,0,1,5,5,0.86,Food,Food Specialist,0.32,3.8,27,0.24,Mobility,26.0,29.0,0,76.7,88.08,798.76,Low-Value,1,0.29,0.16,0.54,0,Average,0.13,9.5,13.8,4.3,0.15,3,2.4,58.0,1,0.36,Moderately Sensitive,3.79,1.19,5.56,0.04,2,3,0.19,-1.05,73.4,1.8,Monitor with standard nudges
GRB100263,Indonesia,Jakarta,35-44,15,1,1,2,19,1,2,1,0,3,5,0.82,Food,Food Specialist,0.32,5.9,13,0.32,Mobility,44.4,7.7,0,71.1,170.4,1475.51,Mid-Value,1,0.65,0.19,0.52,0,Average,0.17,10.2,15.4,5.2,0.2,3,2.2,54.2,0,0.07,Moderately Sensitive,3.19,1.45,5.68,0.21,2,3,0.22,-1.0,62.6,1.8,Monitor with standard nudges
GRB100264,Malaysia,Johor Bahru,45-54,9,1,1,3,2,2,25,2,0,4,5,0.76,GrabPay,Payments Ecosystem User,0.32,1.3,8,0.34,Mart,59.3,9.4,0,77.3,100.38,1008.86,Mid-Value,1,0.37,0.29,0.36,0,High-Risk,0.29,8.5,14.6,6.1,0.2,6,2.2,51.3,0,0.28,Moderately Sensitive,4.39,1.29,6.71,0.19,2,3,0.26,-1.08,69.8,1.8,Monitor with standard nudges
GRB100265,Cambodia,Siem Reap,35-44,10,1,1,23,2,0,2,1,0,3,4,0.66,Mobility,Ride Specialist,0.23,7.0,13,0.34,Food,41.2,10.7,0,77.7,149.07,1276.97,Mid-Value,1,0.31,0.17,0.49,0,Average,0.14,9.1,13.0,3.9,0.17,3,3.1,45.3,0,0.07,Moderately Sensitive,2.84,1.37,4.69,0.17,2,2,0.23,-1.07,74.6,1.8,Monitor with standard nudges
GRB100266,Malaysia,Johor Bahru,18-24,2,1,1,8,0,1,3,0,1,2,4,0.62,Mobility,Ride Specialist,0.33,5.2,7,0.3,Food,52.8,1.0,0,80.1,61.05,662.27,Low-Value,1,0.39,0.28,0.39,1,Average,0.15,7.2,9.4,2.2,0.15,3,3.2,40.2,0,0.13,Moderately Sensitive,4.3,1.23,5.99,0.02,3,1,0.09,-0.98,82.5,1.8,Monitor with standard nudges
GRB100267,Indonesia,Bandung,25-34,30,1,1,8,4,3,1,0,0,5,4,0.73,Mobility,Promo Opportunist,0.61,5.2,4,0.35,Food,42.1,2.6,0,87.9,85.36,815.02,Low-Value,1,0.56,0.12,0.36,0,Average,0.14,8.1,13.8,5.7,0.1,4,4.7,48.2,0,0.15,Highly Sensitive,2.96,1.28,4.09,0.05,2,0,0.05,-1.61,81.4,1.5,Surge cap + fare explanation
GRB100268,Malaysia,Johor Bahru,18-24,42,1,1,2,4,0,2,0,0,2,3,0.48,Food,At-Risk Single-App User,0.25,4.2,36,0.32,Mobility,45.9,29.0,0,74.8,45.74,432.39,Low-Value,0,0.38,0.3,0.3,1,Average,0.16,5.6,9.3,3.7,0.09,3,3.6,40.0,0,0.04,Highly Sensitive,4.17,1.11,4.63,0.01,0,0,0.07,-1.55,89.8,1.5,Surge cap + fare explanation
GRB100269,Singapore,Singapore Core,35-44,38,1,0,18,10,5,16,1,0,4,5,0.86,Mobility,Power User,0.24,7.0,12,0.67,Mart,57.2,1.0,0,92.2,358.8,2948.61,High-Value,1,0.33,0.23,0.25,0,Reliable,0.07,8.2,10.5,2.3,0.08,2,1.6,41.0,0,0.06,Convenience-First,8.54,1.16,10.06,0.0,1,0,0.02,-0.71,90.5,2.2,Monitor with standard nudges
GRB100270,Singapore,Singapore Core,55+,4,0,0,4,14,2,5,1,0,5,5,0.88,Food,Food Specialist,0.39,5.7,15,0.46,Mobility,35.6,16.6,0,72.2,196.02,1640.39,Mid-Value,1,0.38,0.28,0.38,1,Average,0.15,7.1,10.0,2.9,0.2,5,2.2,45.2,0,0.04,Convenience-First,9.96,1.54,16.53,0.19,3,3,0.22,-0.52,67.7,2.2,Monitor with standard nudges
GRB100271,Singapore,Singapore Core,25-34,30,1,1,1,3,1,1,0,1,0,5,0.8,Food,At-Risk Single-App User,0.28,1.6,47,0.13,Mobility,24.7,28.6,0,94.5,44.37,506.79,Low-Value,1,0.19,0.27,0.28,0,Average,0.15,7.3,10.7,3.4,0.19,4,1.5,46.8,0,0.03,Highly Sensitive,9.76,1.39,13.71,0.21,1,0,0.05,-1.62,77.3,1.5,Surge cap + fare explanation
GRB100272,Malaysia,Kuala Lumpur,25-34,38,1,1,5,11,1,4,0,0,6,4,0.67,Food,Promo Opportunist,0.5,4.7,18,0.46,GrabPay,39.3,18.9,0,78.5,100.43,771.72,Low-Value,1,0.49,0.25,0.34,0,Average,0.15,9.1,13.5,4.4,0.16,3,4.0,53.5,0,0.11,Highly Sensitive,4.62,1.35,6.49,0.19,0,1,0.02,-1.6,78.4,1.5,Surge cap + fare explanation
GRB100273,Singapore,Singapore Core,18-24,17,1,1,2,2,1,12,1,0,5,5,0.86,GrabPay,Payments Ecosystem User,0.24,3.3,12,0.3,Mart,41.7,1.0,0,78.7,77.01,863.26,Low-Value,1,0.1,0.22,0.47,0,Average,0.16,8.4,12.1,3.7,0.22,5,2.5,38.5,0,0.07,Convenience-First,8.24,1.25,10.71,0.07,1,1,0.12,-0.49,75.5,2.2,Monitor with standard nudges
GRB100274,Thailand,Bangkok,55+,23,0,0,0,21,3,6,1,0,5,4,0.67,Food,Food Specialist,0.18,6.4,14,0.38,Mobility,38.6,20.4,0,65.7,185.85,1461.67,Mid-Value,1,0.34,0.21,0.47,0,High-Risk,0.26,7.4,14.8,7.4,0.23,5,4.7,72.4,1,0.38,Moderately Sensitive,3.51,1.29,5.17,0.13,1,2,0.16,-1.21,68.1,1.8,Monitor with standard nudges
GRB100275,Vietnam,Da Nang,18-24,2,1,1,3,2,3,3,0,0,9,4,0.68,Mobility,Promo Opportunist,0.66,1.7,28,0.46,Food,42.8,43.0,0,72.2,64.9,543.51,Low-Value,1,0.56,0.36,0.49,1,Average,0.2,9.6,16.6,7.0,0.23,5,3.8,63.1,1,0.28,Highly Sensitive,3.61,1.5,6.47,0.26,2,3,0.26,-1.69,62.5,1.5,Surge cap + fare explanation
GRB100276,Indonesia,Surabaya,18-24,25,0,0,15,0,0,4,0,1,0,3,0.45,Mobility,Ride Specialist,0.22,3.2,9,0.35,Food,35.7,19.9,0,80.5,68.16,565.78,Low-Value,0,0.47,0.15,0.45,0,Average,0.16,11.0,16.3,5.3,0.14,5,3.6,49.1,0,0.01,Moderately Sensitive,3.1,1.3,4.18,0.15,1,0,0.07,-0.94,71.7,1.8,Monitor with standard nudges
GRB100277,Indonesia,Surabaya,25-34,10,1,1,6,2,0,15,1,0,2,4,0.69,GrabPay,Payments Ecosystem User,0.35,1.7,41,0.33,Mart,32.6,35.2,0,60.6,73.22,737.08,Low-Value,1,0.53,0.1,0.43,0,Average,0.23,11.2,16.8,5.6,0.18,6,3.3,55.3,1,0.31,Moderately Sensitive,3.07,1.37,5.66,0.2,3,4,0.24,-0.98,64.0,1.8,Monitor with standard nudges
GRB100278,Indonesia,Bandung,18-24,24,1,1,16,2,0,1,0,0,0,3,0.48,Mobility,Ride Specialist,0.25,5.6,8,0.36,Food,47.3,3.8,0,83.6,79.53,731.56,Low-Value,0,0.41,0.25,0.31,0,Average,0.17,9.3,15.6,6.3,0.14,3,3.2,53.1,0,0.07,Moderately Sensitive,2.84,1.3,4.3,0.0,4,0,0.04,-1.0,75.7,1.8,Monitor with standard nudges
GRB100279,Philippines,Cebu,25-34,5,1,1,4,7,1,1,0,0,6,4,0.68,Food,Promo Opportunist,0.65,6.0,18,0.25,Mobility,35.4,18.5,0,87.8,78.28,671.69,Low-Value,1,0.63,0.23,0.59,1,Average,0.19,10.8,16.5,5.7,0.13,2,2.2,57.7,1,0.28,Moderately Sensitive,3.93,1.41,5.69,0.18,1,0,0.0,-1.43,74.9,1.8,Monitor with standard nudges
GRB100280,Philippines,Cebu,25-34,28,1,1,2,13,2,4,0,0,5,4,0.7,Food,Food Specialist,0.23,6.3,18,0.34,Mobility,45.6,20.2,0,80.3,128.12,969.3,Low-Value,1,0.59,0.08,0.55,0,Average,0.16,9.0,13.5,4.5,0.2,5,2.9,58.5,1,0.28,Moderately Sensitive,3.43,1.36,4.91,0.19,0,1,0.08,-0.85,74.4,1.8,Monitor with standard nudges
GRB100281,Singapore,Singapore Core,25-34,33,1,1,1,9,4,2,0,0,5,4,0.69,Food,Food Specialist,0.25,2.4,5,0.52,Mobility,52.9,6.8,0,86.2,120.98,1074.14,Mid-Value,1,0.5,0.17,0.3,0,Average,0.15,9.3,15.1,5.8,0.12,4,3.6,49.1,0,0.13,Convenience-First,9.64,1.42,13.84,0.18,1,0,0.08,-0.46,77.5,2.2,Monitor with standard nudges
GRB100282,Malaysia,Johor Bahru,18-24,13,1,1,9,7,2,3,0,0,7,4,0.68,Mobility,Promo Opportunist,0.55,6.5,14,0.45,GrabPay,44.2,18.0,0,81.2,128.14,975.22,Low-Value,1,0.59,0.22,0.37,1,Average,0.19,9.0,15.2,6.2,0.15,4,2.8,66.6,1,0.26,Moderately Sensitive,4.69,1.3,6.5,0.12,1,1,0.1,-1.29,74.1,1.8,Monitor with standard nudges
GRB100283,Malaysia,Penang,18-24,9,1,1,2,23,4,1,0,1,3,5,0.86,Food,Food Specialist,0.2,7.0,11,0.41,Mobility,46.3,2.9,0,87.1,206.2,1855.57,High-Value,1,0.56,0.0,0.44,0,Average,0.19,10.1,15.1,5.0,0.13,2,1.4,49.8,0,0.0,Moderately Sensitive,4.63,1.38,6.79,0.21,1,1,0.12,-1.08,73.2,1.8,Monitor with standard nudges
GRB100284,Malaysia,Kuala Lumpur,25-34,2,0,0,2,6,1,21,1,0,2,5,0.86,GrabPay,Payments Ecosystem User,0.27,1.8,22,0.35,Mart,27.1,24.2,0,76.7,126.12,1056.72,Mid-Value,1,0.34,0.15,0.26,1,High-Risk,0.26,7.0,11.9,4.9,0.2,4,3.5,67.7,1,0.38,Convenience-First,4.24,1.29,5.97,0.12,0,2,0.1,-0.49,73.5,2.2,Monitor with standard nudges
GRB100285,Thailand,Pattaya,18-24,19,0,0,2,22,2,2,0,1,3,5,0.89,Food,Food Specialist,0.24,6.4,24,0.38,Mobility,25.8,32.5,0,81.6,175.49,1378.37,Mid-Value,1,0.18,0.21,0.39,1,Average,0.16,7.5,10.4,2.9,0.21,3,2.5,59.3,1,0.27,Convenience-First,3.26,1.33,4.73,0.22,1,1,0.09,-0.43,72.5,2.2,Monitor with standard nudges
GRB100286,Indonesia,Bandung,35-44,16,0,0,5,8,2,1,0,0,9,4,0.67,Food,Promo Opportunist,0.58,5.6,13,0.36,GrabPay,41.3,31.0,0,78.8,77.17,625.85,Low-Value,1,0.5,0.16,0.39,0,Average,0.13,9.1,13.3,4.2,0.2,3,3.0,39.1,0,0.04,Highly Sensitive,3.05,1.45,4.92,0.27,0,2,0.14,-1.72,66.3,1.5,Surge cap + fare explanation
GRB100287,Singapore,Singapore Core,18-24,5,1,1,17,0,0,7,0,1,3,3,0.51,Mobility,Ride Specialist,0.3,5.5,15,0.36,Food,45.3,35.8,0,75.3,282.48,1900.68,High-Value,1,0.52,0.4,0.45,1,Average,0.19,9.6,15.8,6.2,0.14,3,2.1,71.9,1,0.27,Highly Sensitive,10.94,1.4,16.27,0.18,3,2,0.18,-1.44,72.4,1.5,Surge cap + fare explanation
GRB100288,Indonesia,Jakarta,25-34,27,1,1,3,21,1,5,1,0,4,5,0.87,Food,Food Specialist,0.36,5.2,11,0.23,Mobility,29.5,14.9,0,74.8,211.65,1688.85,Mid-Value,1,0.62,0.03,0.55,0,Average,0.15,10.8,15.2,4.4,0.14,3,1.3,44.0,0,0.07,Convenience-First,2.84,1.55,5.46,0.27,2,3,0.22,-0.78,55.5,2.2,Monitor with standard nudges
GRB100289,Thailand,Bangkok,25-34,17,0,0,0,15,2,2,1,0,2,4,0.65,Food,Food Specialist,0.04,5.5,1,0.51,Mobility,39.5,1.0,0,88.1,126.38,1173.03,Mid-Value,1,0.25,0.08,0.26,0,Average,0.1,6.7,11.7,5.0,0.06,2,3.9,47.9,0,0.03,Moderately Sensitive,3.62,1.05,3.8,0.0,0,0,0.06,-1.04,84.2,1.8,Monitor with standard nudges
GRB100290,Singapore,Singapore Core,25-34,10,1,1,19,16,2,15,2,1,8,6,0.95,Mobility,Power User,0.37,6.8,18,0.7,Mart,66.6,1.0,0,94.0,368.6,3205.43,High-Value,1,0.26,0.0,0.19,0,Reliable,0.07,5.5,8.5,3.0,0.09,3,4.1,36.2,0,0.11,Moderately Sensitive,9.51,1.13,11.05,0.0,2,0,0.1,-1.31,82.6,1.8,Monitor with standard nudges
GRB100291,Philippines,Metro Manila,18-24,16,1,1,15,6,7,12,1,1,6,6,1.0,Mobility,Power User,0.31,6.9,9,0.52,Mart,50.7,1.0,0,80.4,227.11,2074.79,High-Value,1,0.5,0.17,0.5,0,Average,0.18,11.3,17.3,6.0,0.19,5,4.1,60.8,1,0.24,Convenience-First,3.85,1.45,5.58,0.15,0,0,0.06,-0.65,80.9,2.2,Monitor with standard nudges
GRB100292,Singapore,Singapore Fringe,18-24,34,0,0,2,3,2,1,0,0,7,4,0.66,Food,Promo Opportunist,0.55,4.0,15,0.33,Mobility,42.1,24.7,0,77.1,71.93,665.12,Low-Value,1,0.41,0.18,0.27,0,Reliable,0.1,10.7,14.5,3.8,0.08,3,2.2,33.9,0,0.06,Highly Sensitive,10.71,1.43,15.56,0.21,0,1,0.14,-1.47,69.7,1.5,Surge cap + fare explanation
GRB100293,Cambodia,Siem Reap,45-54,29,1,1,5,7,1,2,0,0,5,4,0.62,Food,Promo Opportunist,0.65,4.1,8,0.31,GrabPay,41.4,10.5,0,89.6,87.02,752.84,Low-Value,1,0.08,0.12,0.47,0,Average,0.15,8.2,10.3,2.1,0.15,2,1.9,46.0,0,0.06,Highly Sensitive,2.49,1.05,2.91,0.0,2,0,0.01,-1.45,82.4,1.5,Surge cap + fare explanation
GRB100294,Singapore,Singapore Fringe,18-24,21,1,1,7,7,2,3,0,0,4,4,0.69,Mobility,Promo Opportunist,0.54,4.2,20,0.31,GrabPay,47.4,36.2,0,75.8,155.97,1084.07,Mid-Value,1,0.49,0.36,0.47,0,High-Risk,0.28,7.9,16.1,8.2,0.24,6,5.0,61.4,1,0.43,Highly Sensitive,8.76,1.39,12.97,0.21,2,2,0.15,-1.61,66.1,1.5,Surge cap + fare explanation
GRB100295,Philippines,Davao,25-34,29,0,0,20,12,6,25,2,1,7,6,1.0,GrabPay,Power User,0.06,7.0,17,0.61,Mart,50.8,7.8,0,75.5,315.82,2734.91,High-Value,1,0.09,0.28,0.54,0,Average,0.13,7.2,10.3,3.1,0.2,3,2.2,58.8,1,0.26,Highly Sensitive,3.75,1.38,5.83,0.24,1,2,0.17,-1.5,74.6,1.5,Surge cap + fare explanation
GRB100296,Cambodia,Siem Reap,25-34,9,1,1,15,2,0,5,0,1,1,4,0.6,Mobility,Ride Specialist,0.24,5.9,10,0.26,Food,46.8,25.7,0,77.9,74.18,649.03,Low-Value,1,0.25,0.19,0.62,0,High-Risk,0.25,9.7,14.2,4.5,0.25,3,1.9,60.0,1,0.38,Highly Sensitive,2.52,1.26,3.87,0.1,3,1,0.05,-1.53,76.1,1.5,Surge cap + fare explanation
GRB100297,Myanmar,Mandalay,25-34,22,1,1,18,0,0,7,1,0,0,3,0.54,Mobility,Ride Specialist,0.35,6.4,16,0.37,Food,39.4,36.9,0,60.9,119.06,912.03,Low-Value,0,0.66,0.14,0.55,0,Average,0.15,11.9,16.4,4.5,0.18,4,4.8,56.5,1,0.24,Highly Sensitive,2.66,1.42,5.23,0.31,3,4,0.28,-1.5,53.3,1.5,Surge cap + fare explanation
GRB100298,Philippines,Metro Manila,25-34,24,1,1,8,11,0,3,0,0,4,3,0.4,Food,Promo Opportunist,0.68,6.2,28,0.55,GrabPay,47.4,33.4,0,62.6,166.15,1112.53,Mid-Value,0,0.75,0.3,0.57,0,High-Risk,0.25,9.5,19.2,9.7,0.16,5,3.2,48.0,0,0.22,Moderately Sensitive,3.92,1.53,7.45,0.28,3,4,0.27,-1.39,53.4,1.8,Monitor with standard nudges
GRB100299,Philippines,Metro Manila,35-44,17,1,1,2,2,0,1,1,1,0,5,0.82,Finance,At-Risk Single-App User,0.19,3.4,41,0.17,GrabPay,41.8,11.1,0,82.3,43.85,630.64,Low-Value,1,0.2,0.18,0.48,0,Average,0.16,8.1,12.5,4.4,0.16,6,5.4,47.7,0,0.13,Moderately Sensitive,3.74,1.28,4.79,0.04,0,0,0.11,-1.05,88.0,1.8,Monitor with standard nudges
GRB100300,Vietnam,Hanoi,45-54,27,1,1,23,2,1,7,0,0,3,4,0.74,Mobility,Ride Specialist,0.22,7.0,21,0.29,Food,38.6,21.6,0,77.2,144.59,1110.02,Mid-Value,1,0.36,0.08,0.44,0,Average,0.14,8.9,15.3,6.4,0.2,6,2.2,57.8,1,0.29,Moderately Sensitive,3.22,1.41,4.68,0.16,1,0,0.08,-0.83,72.8,1.8,Monitor with standard nudges
